t,node_0,node_1,node_2,node_3,node_4,node_5,node_6,node_7,node_8,node_9,node_10,node_11,node_12,node_13,node_14,node_15,node_16,node_17,node_18,node_19,node_20
0.00000000e+00,0.00000000e+00,0.00000000e+00,0.00000000e+00,0.00000000e+00,0.00000000e+00,0.00000000e+00,0.00000000e+00,0.00000000e+00,0.00000000e+00,0.00000000e+00,0.00000000e+00,0.00000000e+00,0.00000000e+00,0.00000000e+00,0.00000000e+00,0.00000000e+00,0.00000000e+00,0.00000000e+00,0.00000000e+00,0.00000000e+00,0.00000000e+00
8.00000000e-03,0.00000000e+00,8.28342192e-23,1.65222817e-22,2.46716450e-22,3.26858310e-22,4.05180345e-22,4.81199418e-22,5.54413395e-22,6.24297123e-22,6.90298300e-22,7.51833199e-22,8.08282233e-22,8.58985331e-22,9.03237113e-22,9.40281826e-22,9.69308027e-22,9.89442985e-22,9.99746760e-22,9.99205960e-22,9.86727109e-22,9.93079288e-22
1.60000000e-02,0.00000000e+00,9.95689543e-23,1.98933767e-22,2.97878396e-22,3.96162850e-22,4.93510847e-22,5.89597023e-22,6.84033547e-22,7.76355971e-22,8.66008160e-22,9.52326126e-22,1.03452058e-21,1.11165802e-21,1.18264014e-21,1.24618136e-21,1.30078424e-21,1.34471251e-21,1.37596144e-21,1.39222541e-21,1.39086206e-21,1.40092355e-21
2.40000000e-02,0.00000000e+00,7.45147152e-23,1.49295600e-22,2.24591015e-22,3.00613243e-22,3.77519270e-22,4.55390152e-22,5.34208448e-22,6.13833196e-22,6.93971865e-22,7.74148686e-22,8.53668707e-22,9.31576870e-22,1.00661134e-21,1.07715023e-21,1.14115085e-21,1.19608035e-21,1.23883676e-21,1.26565913e-21,1.27202531e-21,1.28478004e-21
3.20000000e-02,0.00000000e+00,5.27447758e-23,1.06099044e-22,1.60655364e-22,2.16971449e-22,2.75550266e-22,3.36817114e-22,4.01092556e-22,4.68560045e-22,5.39226899e-22,6.12877240e-22,6.89015259e-22,7.66797053e-22,8.44949020e-22,9.21670543e-22,9.94518430e-22,1.06027020e-21,1.11476297e-21,1.15270423e-21,1.16745031e-21,1.18321843e-21
4.00000000e-02,0.00000000e+00,4.32068000e-23,8.71371715e-23,1.32506702e-22,1.80013406e-22,2.30324875e-22,2.84060413e-22,3.41766239e-22,4.03881631e-22,4.70693614e-22,5.42277456e-22,6.18419812e-22,6.98520899e-22,7.81471464e-22,8.65499666e-22,9.47982190e-22,1.02521301e-21,1.09212213e-21,1.14193556e-21,1.16576609e-21,1.18487408e-21
4.80000000e-02,0.00000000e+00,4.18209661e-23,8.42643323e-23,1.27960353e-22,1.73552820e-22,2.21700302e-22,2.73070457e-22,3.28324618e-22,3.88089409e-22,4.52911584e-22,5.23191578e-22,5.99090361e-22,6.80403175e-22,7.66392434e-22,8.55570592e-22,9.45422030e-22,1.03205092e-21,1.10973961e-21,1.17039924e-21,1.20289103e-21,1.22527781e-21
5.60000000e-02,0.00000000e+00,4.45431567e-23,8.94401532e-23,1.35072513e-22,1.81874653e-22,2.30353978e-22,2.81102817e-22,3.34798644e-22,3.92188178e-22,4.54049986e-22,5.21128870e-22,5.94033725e-22,6.73088556e-22,7.58123949e-22,8.48193384e-22,9.41195295e-22,1.03337765e-21,1.11869684e-21,1.18799692e-21,1.22796810e-21,1.25330949e-21
6.40000000e-02,0.00000000e+00,4.95510110e-23,9.90806802e-23,1.48615211e-22,1.98273603e-22,2.48308025e-22,2.99136165e-22,3.51361470e-22,4.05775984e-22,4.63338768e-22,5.25120783e-22,5.92204369e-22,6.65522125e-22,7.45615783e-22,8.32290600e-22,9.24134547e-22,1.01786401e-21,1.10744859e-21,1.18295646e-21,1.22904866e-21,1.25695308e-21
7.20000000e-02,0.00000000e+00,5.59111009e-23,1.11389829e-22,1.66066937e-22,2.19697960e-22,2.72221518e-22,3.23811559e-22,3.74919535e-22,4.26300641e-22,4.79015786e-22,5.34397702e-22,5.93965436e-22,6.59266159e-22,7.31616590e-22,8.11707994e-22,8.99028365e-22,9.91042630e-22,1.08205594e-21,1.16166577e-21,1.21268498e-21,1.24280841e-21
8.00000000e-02,0.00000000e+00,6.26261100e-23,1.24447159e-22,1.84728603e-22,2.42877003e-22,2.98510263e-22,3.51525942e-22,4.02164404e-22,4.51061008e-22,4.99278176e-22,5.48303562e-22,5.99994586e-22,6.56441811e-22,7.19713648e-22,7.91432138e-22,8.72113381e-22,9.60185840e-22,1.05057414e-21,1.13270410e-21,1.18774500e-21,1.21983338e-21
8.80000000e-02,0.00000000e+00,6.85644057e-23,1.36055848e-22,2.01468246e-22,2.63931618e-22,3.22785339e-22,3.77655836e-22,4.28536966e-22,4.75868221e-22,5.20601486e-22,5.64241063e-22,6.08833571e-22,6.56873533e-22,7.11076296e-22,7.73951366e-22,8.47085279e-22,9.30012206e-22,1.01851103e-21,1.10211738e-21,1.16057564e-21,1.19446954e-21
9.60000000e-02,0.00000000e+00,7.27317522e-23,1.44275401e-22,2.13493830e-22,2.79357031e-22,3.41007831e-22,3.97840212e-22,4.49590835e-22,4.96440712e-22,5.39118702e-22,5.78990999e-22,6.18110416e-22,6.59185028e-22,7.05406483e-22,7.60052552e-22,8.25744325e-22,9.03193571e-22,9.89217242e-22,1.07372025e-21,1.13525006e-21,1.17087082e-21
1.04000000e-01,0.00000000e+00,7.44956827e-23,1.47863645e-22,2.18999570e-22,2.86854162e-22,3.50480542e-22,4.09103548e-22,4.62214588e-22,5.09691799e-22,5.51939293e-22,5.90030525e-22,6.25828125e-22,6.62034626e-22,7.02103409e-22,7.49904823e-22,8.08995543e-22,8.81276337e-22,9.64739630e-22,1.04989761e-21,1.11433678e-21,1.15166163e-21
1.12000000e-01,0.00000000e+00,7.36668034e-23,1.46437493e-22,2.17402433e-22,2.85636136e-22,3.50216800e-22,4.10277184e-22,4.65094083e-22,5.14219825e-22,5.57653064e-22,5.96036399e-22,6.30853678e-22,6.64578114e-22,7.00690930e-22,7.43445744e-22,7.97191780e-22,8.64983477e-22,9.46087803e-22,1.03184407e-21,1.09912235e-21,1.13815384e-21
1.20000000e-01,0.00000000e+00,7.04700381e-23,1.40418000e-22,2.09265831e-22,2.76337158e-22,3.40841970e-22,4.01901037e-22,4.58621175e-22,5.10229273e-22,5.56267153e-22,5.96839283e-22,6.32889121e-22,6.66454607e-22,7.00815279e-22,7.40387724e-22,7.90145979e-22,8.54230530e-22,9.33252484e-22,1.01958386e-21,1.08963213e-21,1.13036787e-21
1.28000000e-01,0.00000000e+00,6.54526788e-23,1.30852336e-22,1.96046767e-22,2.60700507e-22,3.24241146e-22,3.85851464e-22,4.44522309e-22,4.99179178e-22,5.48890675e-22,5.93157410e-22,6.32262958e-22,6.67640168e-22,7.02161592e-22,7.40194821e-22,7.87163010e-22,8.48205231e-22,9.25324162e-22,1.01211848e-21,1.08479589e-21,1.12720438e-21
1.36000000e-01,0.00000000e+00,5.93612783e-23,1.19175413e-22,1.79757279e-22,2.41160985e-22,3.03088277e-22,3.64845341e-22,4.25366374e-22,4.83322178e-22,5.37329164e-22,5.86266037e-22,6.29688718e-22,6.68303724e-22,7.04409580e-22,7.42135298e-22,7.87181713e-22,8.45587912e-22,9.20777764e-22,1.00775917e-21,1.08280982e-21,1.12681626e-21
1.44000000e-01,0.00000000e+00,5.30099063e-23,1.06954843e-22,1.62602369e-22,2.20398722e-22,2.80343719e-22,3.41912207e-22,4.04043087e-22,4.65219403e-22,5.23662949e-22,5.77661359e-22,6.26030464e-22,6.68683644e-22,7.07224130e-22,7.45383130e-22,7.88978883e-22,8.44845201e-22,9.17839842e-22,1.00454874e-21,1.08159196e-21,1.12707546e-21
1.52000000e-01,0.00000000e+00,4.71586699e-23,9.56557797e-23,1.46646218e-22,2.00927963e-22,2.58791455e-22,3.19908583e-22,3.83283871e-22,4.47296169e-22,5.09862835e-22,5.68756765e-22,6.22094516e-22,6.68983630e-22,7.10257830e-22,7.49123855e-22,7.91370237e-22,8.44513890e-22,9.14840059e-22,1.00066299e-21,1.07921444e-21,1.12601556e-21
1.60000000e-01,0.00000000e+00,4.24179202e-23,8.64555217e-23,1.33549113e-22,1.84773168e-22,2.40674912e-22,3.01136288e-22,3.65286091e-22,4.31494536e-22,4.97490842e-22,5.60647812e-22,6.18470046e-22,6.69295184e-22,7.13156502e-22,7.52639836e-22,7.93368241e-22,8.43421305e-22,9.10482062e-22,9.94718720e-22,1.07423410e-21,1.12217008e-21
1.68000000e-01,0.00000000e+00,3.91879978e-23,8.01269739e-23,1.24402301e-22,1.73266082e-22,2.27469466e-22,2.87105044e-22,3.51480750e-22,4.19060328e-22,4.87518973e-22,5.53972467e-22,6.15437222e-22,6.69556575e-22,7.15568537e-22,7.55366578e-22,7.94279921e-22,8.40817770e-22,9.04003093e-22,9.85952775e-22,1.06588323e-21,1.11476710e-21
1.76000000e-01,0.00000000e+00,3.76375992e-23,7.69969451e-23,1.19669245e-22,1.66974246e-22,2.19803462e-22,2.78451792e-22,3.42455984e-22,4.10476192e-22,4.80276220e-22,5.48874998e-22,6.12949186e-22,6.69552308e-22,7.17159701e-22,7.56919682e-22,7.93742313e-22,8.36417172e-22,8.95217083e-22,9.74266045e-22,1.05411383e-21,1.10377353e-21
1.84000000e-01,0.00000000e+00,3.77174875e-23,7.69728954e-23,1.19224124e-22,1.65749488e-22,2.17514574e-22,2.75002587e-22,3.38021965e-22,4.05526853e-22,4.75511295e-22,5.45063053e-22,6.10680096e-22,6.68948593e-22,7.17632605e-22,7.57095425e-22,7.91702379e-22,8.30356060e-22,8.84454732e-22,9.60148336e-22,1.03951261e-21,1.08980673e-21
1.92000000e-01,0.00000000e+00,3.92014929e-23,7.96224719e-23,1.22465192e-22,1.68868509e-22,2.19809675e-22,2.75942991e-22,3.37382806e-22,4.03463673e-22,4.72541538e-22,5.41933357e-22,6.08121001e-22,6.67353933e-22,7.16747948e-22,7.55850331e-22,7.88354744e-22,8.23091904e-22,8.72427397e-22,9.44515571e-22,1.02312132e-21,1.07394907e-21
2.00000000e-01,0.00000000e+00,4.17440749e-23,8.42849910e-23,1.28473201e-22,1.75228528e-22,2.25486012e-22,2.80051986e-22,3.39370154e-22,4.03225404e-22,4.70449385e-22,5.38734012e-22,6.04699889e-22,6.64390820e-22,7.14343902e-22,7.53266690e-22,7.84054409e-22,8.15266971e-22,8.60049060e-22,9.28499583e-22,1.00620635e-21,1.05751063e-21
2.08000000e-01,0.00000000e+00,4.49431790e-23,9.01929868e-23,1.36183687e-22,1.83559252e-22,2.33169629e-22,2.85952498e-22,3.42691386e-22,4.03670426e-22,4.68286585e-22,5.34730593e-22,5.99901831e-22,6.59764438e-22,7.10350289e-22,7.49511535e-22,7.79222419e-22,8.07565237e-22,8.48251770e-22,9.13231873e-22,9.90022557e-22,1.04178628e-21
2.16000000e-01,0.00000000e+00,4.83984000e-23,9.65844514e-23,1.44545500e-22,1.92616946e-22,2.41532231e-22,2.92337392e-22,3.46151234e-22,4.03781609e-22,4.65251657e-22,5.29347790e-22,5.93368696e-22,6.53316635e-22,7.04795112e-22,7.44796042e-22,7.74260402e-22,8.00586340e-22,8.37825297e-22,8.99657206e-22,9.75610651e-22,1.02784750e-21
2.24000000e-01,0.00000000e+00,5.17570409e-23,1.02791411e-22,1.52645191e-22,2.01335429e-22,2.49458039e-22,2.98140914e-22,3.48817011e-22,4.02815804e-22,4.60816022e-22,5.22266673e-22,5.84964193e-22,6.45057240e-22,6.97802174e-22,7.39340718e-22,7.69485630e-22,7.94753829e-22,8.29302990e-22,8.88402536e-22,9.63655527e-22,1.01639717e-21
2.32000000e-01,0.00000000e+00,5.47438996e-23,1.08296792e-22,1.59785865e-22,2.08920074e-22,2.56145120e-22,3.02639452e-22,3.50111656e-22,4.00383479e-22,4.54786364e-22,5.13467839e-22,5.74797572e-22,6.35169378e-22,6.89579841e-22,7.33349700e-22,7.65092929e-22,7.90266698e-22,8.22904930e-22,8.79713965e-22,9.54419439e-22,1.00770142e-21
2.40000000e-01,0.00000000e+00,5.71739008e-23,1.12757929e-22,1.65518325e-22,2.14882331e-22,2.61138696e-22,3.05479401e-22,3.49832929e-22,3.96457481e-22,4.47302896e-22,5.03220748e-22,5.63206822e-22,6.23989962e-22,6.80402194e-22,7.26995321e-22,7.61144384e-22,7.87094801e-22,8.18538686e-22,8.73461751e-22,9.47749726e-22,1.00159834e-21
2.48000000e-01,0.00000000e+00,5.89494992e-23,1.16000520e-22,1.69630066e-22,2.19021974e-22,2.64305038e-22,3.06641787e-22,3.48109007e-22,3.91321286e-22,4.38783434e-22,4.92028048e-22,5.50708440e-22,6.11970164e-22,6.70584768e-22,7.20412249e-22,7.57583173e-22,7.85011741e-22,8.15848833e-22,8.69202673e-22,9.43149275e-22,9.97571181e-22
2.56000000e-01,0.00000000e+00,6.00467535e-23,1.17990666e-22,1.72103194e-22,2.21371074e-22,2.65762243e-22,3.06361509e-22,3.45309011e-22,3.85474934e-22,4.29830128e-22,4.80539415e-22,5.37925078e-22,5.99623199e-22,6.60457622e-22,7.13699134e-22,7.54264721e-22,7.83653955e-22,8.14300163e-22,8.66281752e-22,9.39889872e-22,9.94865689e-22
2.64000000e-01,0.00000000e+00,6.04949504e-23,1.18794528e-22,1.73055025e-22,2.22117030e-22,2.65787976e-22,3.05023003e-22,3.41930882e-22,3.79520533e-22,4.21118954e-22,4.69452059e-22,5.25504217e-22,5.87467729e-22,6.50338684e-22,7.06925029e-22,7.50996794e-22,7.82592469e-22,8.13276651e-22,8.63952043e-22,9.37145040e-22,9.92627368e-22
2.72000000e-01,0.00000000e+00,6.03546618e-23,1.18535152e-22,1.72675069e-22,2.21521893e-22,2.64724070e-22,3.03053898e-22,3.38488730e-22,3.74048757e-22,4.13291565e-22,4.59414567e-22,5.14040596e-22,5.75974881e-22,6.40510040e-22,7.00137709e-22,7.47580275e-22,7.81404044e-22,8.12178628e-22,8.61491671e-22,9.34119516e-22,9.90035202e-22
2.80000000e-01,0.00000000e+00,5.96983348e-23,1.17354426e-22,1.71169920e-22,2.19852407e-22,2.62894600e-22,3.00834597e-22,3.35417971e-22,3.69544130e-22,4.06865738e-22,4.50947795e-22,5.04012829e-22,5.65525348e-22,6.31199286e-22,6.93371498e-22,7.43843727e-22,7.79730716e-22,8.10503673e-22,8.58300991e-22,9.30156555e-22,9.86412409e-22
2.88000000e-01,0.00000000e+00,5.85961973e-23,1.15385628e-22,1.68723807e-22,2.17330489e-22,2.60548614e-22,2.98635855e-22,3.33010572e-22,3.66320947e-22,4.02175184e-22,4.44391942e-22,4.95741114e-22,5.56380887e-22,6.22567347e-22,6.86652917e-22,7.39667110e-22,7.77320376e-22,8.07901557e-22,8.53968403e-22,9.24810515e-22,9.81301318e-22
2.96000000e-01,0.00000000e+00,5.71087363e-23,1.12738968e-22,1.65478304e-22,2.14108506e-22,2.57832466e-22,2.96589636e-22,3.31385731e-22,3.64494955e-22,3.99343368e-22,4.39883685e-22,4.89368969e-22,5.48671988e-22,6.14703270e-22,6.80003433e-22,7.34992651e-22,7.74045215e-22,8.04199066e-22,8.48299934e-22,9.17879339e-22,9.74496832e-22
3.04000000e-01,0.00000000e+00,5.52855497e-23,1.09499760e-22,1.61530587e-22,2.10268491e-22,2.54790732e-22,2.94692042e-22,3.30494692e-22,3.63989478e-22,3.98290063e-22,4.37362254e-22,4.84868103e-22,5.42401126e-22,6.07625772e-22,6.73439396e-22,7.29823319e-22,7.69898827e-22,7.99395798e-22,8.41313871e-22,9.09398392e-22,9.66039965e-22
3.12000000e-01,0.00000000e+00,5.31692184e-23,1.05736524e-22,1.56946364e-22,2.05840412e-22,2.51389932e-22,2.92832013e-22,3.30153144e-22,3.64569509e-22,3.98764657e-22,4.36599313e-22,4.82062455e-22,5.37459070e-22,6.01290607e-22,6.66969947e-22,7.24211363e-22,7.64975966e-22,7.93636223e-22,8.33206775e-22,8.99602564e-22,9.56178617e-22
3.20000000e-01,0.00000000e+00,5.08021342e-23,1.01515007e-22,1.51781600e-22,2.00832000e-22,2.47556362e-22,2.90836213e-22,3.30091243e-22,3.65894023e-22,4.00397201e-22,4.37244922e-22,4.80665452e-22,5.33650448e-22,5.95602392e-22,6.60594085e-22,7.18240593e-22,7.59440954e-22,7.87166018e-22,8.24300365e-22,8.88867146e-22,9.45306364e-22
3.28000000e-01,0.00000000e+00,4.82339900e-23,9.69135843e-23,1.46106500e-22,1.95261840e-22,2.43218278e-22,2.88519405e-22,3.30010170e-22,3.67575573e-22,4.02757061e-22,4.38880840e-22,4.80323694e-22,5.30724214e-22,5.90429258e-22,6.54298128e-22,7.12006517e-22,7.53491506e-22,7.80281670e-22,8.14980047e-22,8.77639280e-22,9.33891488e-22
3.36000000e-01,0.00000000e+00,4.55278562e-23,9.20359853e-23,1.40025794e-22,1.89188109e-22,2.38343505e-22,2.85730458e-22,3.29634869e-22,3.69236925e-22,4.05409606e-22,4.41072883e-22,4.80660605e-22,5.28404782e-22,5.85618670e-22,6.48054663e-22,7.05598125e-22,7.47324284e-22,7.73281855e-22,8.05635204e-22,8.66371200e-22,9.22407791e-22
3.44000000e-01,0.00000000e+00,4.27633202e-23,8.70183103e-23,1.33690901e-22,1.82727277e-22,2.32965707e-22,2.82386394e-22,3.28754970e-22,3.70556696e-22,4.07963347e-22,4.43415657e-22,4.81314735e-22,5.26420285e-22,5.81012923e-22,6.41823661e-22,6.99084223e-22,7.41107136e-22,7.66427317e-22,7.96609402e-22,8.55464235e-22,9.11276468e-22
3.52000000e-01,0.00000000e+00,4.00359067e-23,8.20287884e-23,1.27301628e-22,1.76059650e-22,2.27195490e-22,2.78490084e-22,3.27249075e-22,3.71299025e-22,4.10102669e-22,4.45565278e-22,4.81969101e-22,5.24525427e-22,5.76463058e-22,6.35555976e-22,6.92505979e-22,7.34961100e-22,7.59913549e-22,7.88165708e-22,8.45229410e-22,9.00825074e-22
3.60000000e-01,0.00000000e+00,3.74527823e-23,7.72602265e-23,1.21097242e-22,1.69421400e-22,2.21215686e-22,2.74130599e-22,3.25091060e-22,3.71325623e-22,4.11604355e-22,4.47258246e-22,4.82369881e-22,5.22517551e-22,5.71840332e-22,6.29198916e-22,6.85876051e-22,7.28953181e-22,7.53857847e-22,7.80469181e-22,8.35866974e-22,8.91266036e-22
3.68000000e-01,0.00000000e+00,3.51254274e-23,7.29164500e-23,1.15338685e-22,1.63085124e-22,2.15262969e-22,2.69468236e-22,3.22340165e-22,3.70591602e-22,4.12338811e-22,4.48316922e-22,4.82334529e-22,5.20245670e-22,5.67044709e-22,6.22703206e-22,6.79183496e-22,7.23099035e-22,7.48299901e-22,7.73585697e-22,8.27464035e-22,8.82693854e-22
3.76000000e-01,0.00000000e+00,3.31604517e-23,6.91949878e-23,1.10285081e-22,1.57332754e-22,2.09599972e-22,2.64708498e-22,3.19118942e-22,3.69128709e-22,4.12259050e-22,4.48643940e-22,4.81750779e-22,5.17613075e-22,5.62010187e-22,6.16030377e-22,6.72402798e-22,7.17373331e-22,7.43213156e-22,7.67493981e-22,8.20006962e-22,8.75097631e-22
3.84000000e-01,0.00000000e+00,3.16499659e-23,6.62687313e-23,1.06168408e-22,1.52425541e-22,2.04483209e-22,2.60070535e-22,3.15584463e-22,3.67020960e-22,4.11381713e-22,4.48208936e-22,4.80568932e-22,5.14574797e-22,5.56707047e-22,6.09159531e-22,6.65504895e-22,7.11724695e-22,7.38523094e-22,7.62106417e-22,8.13403752e-22,8.68383961e-22
3.92000000e-01,0.00000000e+00,3.06629133e-23,6.42692830e-23,1.03170170e-22,1.48575872e-22,2.00132155e-22,2.55755700e-22,3.11898404e-22,3.64377945e-22,4.09764787e-22,4.47031380e-22,4.78790130e-22,5.11131446e-22,5.51141332e-22,6.02092520e-22,6.58468054e-22,7.06091989e-22,7.34128266e-22,7.57293752e-22,8.07511047e-22,8.62404728e-22
4.00000000e-01,0.00000000e+00,3.02385306e-23,6.32742695e-23,1.01403336e-22,1.45924958e-22,1.96704091e-22,2.51921132e-22,3.08200952e-22,3.61310500e-22,4.07486221e-22,4.45163011e-22,4.76453223e-22,5.07320986e-22,5.45351964e-22,5.94856803e-22,6.51286706e-22,7.00419034e-22,7.29920282e-22,7.52909243e-22,8.02160926e-22,8.56984814e-22
4.08000000e-01,0.00000000e+00,3.03827268e-23,6.33001580e-23,1.00901758e-22,1.44529182e-22,1.94277941e-22,2.48661851e-22,3.04592110e-22,3.57912221e-22,4.04626627e-22,4.42672578e-22,4.73622310e-22,5.03209782e-22,5.39405997e-22,5.87505579e-22,6.43976959e-22,6.94665623e-22,7.25799907e-22,7.48808832e-22,7.97183700e-22,8.51945795e-22
4.16000000e-01,0.00000000e+00,3.10677087e-23,6.43012316e-23,1.01618036e-22,1.44356380e-22,1.92848626e-22,2.46003115e-22,3.01122268e-22,3.54248750e-22,4.01257914e-22,4.39634565e-22,4.70376332e-22,4.98883893e-22,5.33392494e-22,5.80115138e-22,6.36578165e-22,6.88813666e-22,7.21687590e-22,7.44865280e-22,7.92424406e-22,8.47123248e-22
4.24000000e-01,0.00000000e+00,3.22347296e-23,6.61745033e-23,1.03429577e-22,1.45291809e-22,1.92331776e-22,2.43902999e-22,2.97792195e-22,3.50355121e-22,3.97438316e-22,4.36122469e-22,4.66801343e-22,4.94441202e-22,5.27415518e-22,5.72779744e-22,6.29150605e-22,6.82868268e-22,7.17527997e-22,7.40975635e-22,7.87752222e-22,8.42376851e-22
4.32000000e-01,0.00000000e+00,3.37994511e-23,6.87696062e-23,1.06151518e-22,1.47152261e-22,1.92577200e-22,2.42263673e-22,2.94561091e-22,3.46240126e-22,3.93213095e-22,4.32206248e-22,4.62985387e-22,4.89984616e-22,5.21586668e-22,5.65604615e-22,6.21769962e-22,6.76854426e-22,7.13289196e-22,7.37062634e-22,7.83063377e-22,8.37593827e-22
4.40000000e-01,0.00000000e+00,3.56591433e-23,7.19021801e-23,1.09554477e-22,1.49705908e-22,1.93388489e-22,2.40948786e-22,2.91360331e-22,3.41895656e-22,3.88619332e-22,4.27952878e-22,4.59015451e-22,4.85616269e-22,5.16017561e-22,5.58697791e-22,6.14519622e-22,6.70810602e-22,7.08957900e-22,7.33071542e-22,7.78279108e-22,8.32687293e-22
4.48000000e-01,0.00000000e+00,3.77008146e-23,7.53690232e-23,1.13384730e-22,1.52694987e-22,1.94545658e-22,2.39803846e-22,2.88109986e-22,3.37308503e-22,3.83692795e-22,4.23428583e-22,4.54975687e-22,4.81432553e-22,5.10812625e-22,5.52161721e-22,6.07482074e-22,6.64780739e-22,7.04532566e-22,7.28964369e-22,7.73340686e-22,8.27591585e-22
4.56000000e-01,0.00000000e+00,3.98093716e-23,7.89632874e-23,1.17384420e-22,1.55858494e-22,1.95827743e-22,2.38676501e-22,2.84735251e-22,3.32472112e-22,3.78474886e-22,4.18701320e-22,4.50946068e-22,4.77519728e-22,5.06062523e-22,5.46085404e-22,6.00730636e-22,6.58806299e-22,7.00016174e-22,7.24713461e-22,7.68203606e-22,8.22256668e-22
4.64000000e-01,0.00000000e+00,4.18750243e-23,8.24882247e-23,1.21309726e-22,1.58952411e-22,1.97032686e-22,2.37434099e-22,2.81180313e-22,3.27396169e-22,3.73017970e-22,4.13842321e-22,4.47000809e-22,4.73949951e-22,5.01838504e-22,5.40537767e-22,5.94322544e-22,6.52919629e-22,6.95410188e-22,7.20296119e-22,7.62832686e-22,8.16643398e-22
4.72000000e-01,0.00000000e+00,4.37993560e-23,8.57683803e-23,1.24945500e-22,1.61765690e-22,1.97992639e-22,2.35976650e-22,2.77417988e-22,3.22112594e-22,3.67388003e-22,4.08925948e-22,4.43206166e-22,4.70777665e-22,4.98187934e-22,5.35562821e-22,5.88294159e-22,6.47139556e-22,6.90710741e-22,7.15691349e-22,7.57199207e-22,8.10720812e-22
4.80000000e-01,0.00000000e+00,4.54997113e-23,8.86575820e-23,1.28115457e-22,1.64130989e-22,1.98583624e-22,2.34244236e-22,2.73454292e-22,3.16677310e-22,3.61664005e-22,4.04027632e-22,4.39617557e-22,4.68036452e-22,4.95131224e-22,5.31176875e-22,5.82658625e-22,6.41469615e-22,6.85907456e-22,7.10879183e-22,7.51280559e-22,8.04465869e-22
4.88000000e-01,0.00000000e+00,4.69117983e-23,9.10435428e-23,1.30687737e-22,1.65929936e-22,1.98729416e-22,2.32218805e-22,2.69327978e-22,3.11167915e-22,3.55934608e-22,3.99220134e-22,4.36276244e-22,4.65736550e-22,4.92660304e-22,5.27367898e-22,5.77406008e-22,6.35898843e-22,6.80984763e-22,7.05842378e-22,7.45062146e-22,7.97865439e-22
4.96000000e-01,0.00000000e+00,4.79906069e-23,9.28492856e-23,1.32576126e-22,1.67093389e-22,1.98400224e-22,2.29921027e-22,2.65105817e-22,3.05678029e-22,3.50292387e-22,3.94568754e-22,4.33206056e-22,4.63863327e-22,4.90738730e-22,5.24096923e-22,5.72505597e-22,6.30404665e-22,6.75925141e-22,7.00569810e-22,7.38540833e-22,7.90919740e-22
5.04000000e-01,0.00000000e+00,4.87098999e-23,9.40318984e-23,1.33737714e-22,1.67597631e-22,1.97607262e-22,2.27403419e-22,2.60874817e-22,3.00309493e-22,3.44827018e-22,3.90126315e-22,4.30410710e-22,4.62376999e-22,4.89303414e-22,5.21301190e-22,5.67909861e-22,6.24957166e-22,6.70713379e-22,6.95060585e-22,7.31728876e-22,7.83646202e-22
5.12000000e-01,0.00000000e+00,4.90606256e-23,9.45792958e-23,1.34167934e-22,1.67457714e-22,1.96394605e-22,2.24741199e-22,2.56732861e-22,2.95163750e-22,3.39618403e-22,3.85928804e-22,4.27872315e-22,4.61213808e-22,4.88267896e-22,5.18898675e-22,5.63559422e-22,6.19523926e-22,6.65340932e-22,6.89327802e-22,7.24657221e-22,7.76082582e-22
5.20000000e-01,0.00000000e+00,4.90486263e-23,9.45057171e-23,1.33894030e-22,1.66719212e-22,1.94829743e-22,2.22022349e-22,2.52779167e-22,2.90333694e-22,3.34730805e-22,3.81992409e-22,4.25551449e-22,4.60288785e-22,4.87526950e-22,5.16793542e-22,5.59388424e-22,6.14074631e-22,6.59809465e-22,6.83401044e-22,7.17377216e-22,7.68288401e-22
5.28000000e-01,0.00000000e+00,4.86919955e-23,9.38466337e-23,1.32967895e-22,1.65449541e-22,1.92994080e-22,2.19338141e-22,2.49105759e-22,2.85896997e-22,3.30208780e-22,3.78312463e-22,4.23389071e-22,4.59500022e-22,4.86962265e-22,5.14882079e-22,5.55329717e-22,6.08584849e-22,6.54132959e-22,6.77326942e-22,7.09960100e-22,7.60344035e-22
5.36000000e-01,0.00000000e+00,4.80183740e-23,9.26536228e-23,1.31459048e-22,1.63729747e-22,1.90974368e-22,2.16775078e-22,2.45790792e-22,2.81911572e-22,3.26075334e-22,3.74864502e-22,4.21310206e-22,4.58734271e-22,4.86448835e-22,5.13058693e-22,5.51319437e-22,6.03038559e-22,6.48338025e-22,6.71167533e-22,7.02494013e-22,7.52347250e-22
5.44000000e-01,0.00000000e+00,4.70623927e-23,9.09895965e-23,1.29448273e-22,1.61647367e-22,1.88855647e-22,2.14408787e-22,2.42894132e-22,2.78413432e-22,3.22332383e-22,3.71607321e-22,4.19229172e-22,4.57873479e-22,4.85861681e-22,5.11221606e-22,5.47300692e-22,5.97429278e-22,6.42462404e-22,6.64996507e-22,6.95078723e-22,7.44407393e-22
5.52000000e-01,0.00000000e+00,4.58633893e-23,8.89246178e-23,1.27022218e-22,1.59290656e-22,1.86715992e-22,2.12300025e-22,2.40455231e-22,2.75416805e-22,3.18963243e-22,3.68487628e-22,4.17055857e-22,4.56801804e-22,4.85082473e-22,5.09277951e-22,5.43226250e-22,5.91759875e-22,6.36551934e-22,6.58893782e-22,6.87818610e-22,7.36637810e-22
5.60000000e-01,0.00000000e+00,4.44634478e-23,8.65323853e-23,1.24269038e-22,1.56744240e-22,1.84622979e-22,2.10492651e-22,2.38493019e-22,2.72916122e-22,3.15936617e-22,3.65445720e-22,4.14702467e-22,4.55412566e-22,4.84005646e-22,5.07148054e-22,5.39060217e-22,5.86041313e-22,6.30656456e-22,6.52939073e-22,6.80814690e-22,7.29147340e-22
5.68000000e-01,0.00000000e+00,4.29057603e-23,8.38873666e-23,1.21275009e-22,1.54086036e-22,1.82631676e-22,2.09013191e-22,2.37007305e-22,2.70889251e-22,3.13211443e-22,3.62421500e-22,4.12090107e-22,4.53614603e-22,4.82543661e-22,5.04768756e-22,5.34778835e-22,5.80290684e-22,6.24825269e-22,6.47205255e-22,6.74156614e-22,7.22031833e-22
5.76000000e-01,0.00000000e+00,4.12332732e-23,8.10624975e-23,1.18121969e-22,1.51385211e-22,1.80783762e-22,2.07871535e-22,2.35981146e-22,2.69301355e-22,3.10741892e-22,3.59360153e-22,4.09154570e-22,4.51337549e-22,4.80631090e-22,5.02095688e-22,5.30370532e-22,5.74528947e-22,6.19102744e-22,6.41752293e-22,6.67915521e-22,7.15366635e-22
5.84000000e-01,0.00000000e+00,3.94875742e-23,7.81273433e-23,1.14885402e-22,1.48700901e-22,1.79107446e-22,2.07062308e-22,2.35383615e-22,2.68108769e-22,3.08481910e-22,3.56216899e-22,4.05850862e-22,4.48535671e-22,4.78227320e-22,4.99104481e-22,5.25835423e-22,5.68778716e-22,6.13524631e-22,6.36622418e-22,6.62138505e-22,7.09200806e-22
5.92000000e-01,0.00000000e+00,3.77079755e-23,7.51466319e-23,1.11633029e-22,1.46081476e-22,1.77617854e-22,2.06566527e-22,2.35172544e-22,2.67262422e-22,3.06388856e-22,3.52960418e-22,4.02156088e-22,4.45189998e-22,4.75317761e-22,4.95790924e-22,5.21184398e-22,5.63062396e-22,6.08115452e-22,6.31837018e-22,6.56845210e-22,7.03553626e-22
6.00000000e-01,0.00000000e+00,3.59307698e-23,7.21790992e-23,1.08423777e-22,1.43564186e-22,1.76317691e-22,2.06353289e-22,2.35296950e-22,2.66710519e-22,3.04425947e-22,3.49574704e-22,3.98070561e-22,4.41308683e-22,4.71913545e-22,4.92170130e-22,5.16437923e-22,5.57400829e-22,6.02887184e-22,6.27395472e-22,6.52026818e-22,6.98413638e-22
6.08000000e-01,0.00000000e+00,3.41886481e-23,6.92766243e-23,1.05307106e-22,1.41175127e-22,1.75198073e-22,2.06381382e-22,2.35699037e-22,2.66400389e-22,3.02563455e-22,3.46059338e-22,3.93617144e-22,4.36925640e-22,4.68049794e-22,4.88274802e-22,5.11624640e-22,5.51812507e-22,5.97839266e-22,6.23275928e-22,6.47647378e-22,6.93740184e-22
6.16000000e-01,0.00000000e+00,3.25102863e-23,6.64836614e-23,1.02322692e-22,1.38929518e-22,1.74239527e-22,2.06600823e-22,2.36315784e-22,2.66279548e-22,3.00778764e-22,3.42428324e-22,3.88839012e-22,4.32097644e-22,4.63782629e-22,4.84152711e-22,5.06779801e-22,5.46313311e-22,5.92959778e-22,6.19437803e-22,6.43647230e-22,6.89467148e-22
6.24000000e-01,0.00000000e+00,3.09201124e-23,6.38369938e-23,9.95004851e-23,1.36832336e-22,1.73413230e-22,2.06954397e-22,2.37080271e-22,2.66296176e-22,2.99055516e-22,3.38707776e-22,3.83796135e-22,4.26900205e-22,4.59185165e-22,4.79863542e-22,5.01943561e-22,5.40916644e-22,5.88227537e-22,6.15825619e-22,6.39948033e-22,6.85508417e-22
6.32000000e-01,0.00000000e+00,2.94382676e-23,6.13658314e-23,9.68612046e-23,1.34879364e-22,1.72682548e-22,2.07379349e-22,2.37922907e-22,2.66399241e-22,2.97382178e-22,3.34932830e-22,3.78560881e-22,4.21422561e-22,4.54342773e-22,4.75475267e-22,4.97159137e-22,5.35633800e-22,5.83614778e-22,6.12373715e-22,6.36458859e-22,6.81764458e-22
6.40000000e-01,0.00000000e+00,2.80807591e-23,5.90922564e-23,9.44172575e-23,1.33058682e-22,1.72004960e-22,2.07809311e-22,2.38772743e-22,2.66538543e-22,2.95750351e-22,3.31144156e-22,3.73213143e-22,4.15762190e-22,4.49347924e-22,4.71060227e-22,4.92470849e-22,5.30474401e-22,5.79090064e-22,6.09011318e-22,6.33082735e-22,6.78129383e-22
6.48000000e-01,0.00000000e+00,2.68597934e-23,5.70319900e-23,9.21740664e-23,1.31352576e-22,1.71334353e-22,2.08176537e-22,2.39559008e-22,2.66664883e-22,2.94153127e-22,3.27384465e-22,3.67835401e-22,4.10019233e-22,4.44294935e-22,4.66691135e-22,4.87922090e-22,5.25446760e-22,5.74621120e-22,6.05667515e-22,6.29723069e-22,6.74497889e-22
6.56000000e-01,0.00000000e+00,2.57842532e-23,5.51954191e-23,9.01317203e-23,1.29739785e-22,1.70623645e-22,2.08414443e-22,2.40212920e-22,2.66730508e-22,2.92583738e-22,3.23695302e-22,3.62508081e-22,4.04291178e-22,4.39274926e-22,4.62437179e-22,4.83553271e-22,5.20558061e-22,5.70177313e-22,6.02275745e-22,6.26289494e-22,6.70771576e-22
6.64000000e-01,0.00000000e+00,2.48602697e-23,5.35887866e-23,8.82868228e-23,1.28197951e-22,1.69827601e-22,2.08460333e-22,2.40669735e-22,2.66689885e-22,2.91034628e-22,3.20114367e-22,3.57305479e-22,3.98668102e-22,4.34371238e-22,4.58360441e-22,4.79399836e-22,5.15814332e-22,5.65731633e-22,5.98777514e-22,6.22702766e-22,6.66864264e-22
6.72000000e-01,0.00000000e+00,2.40918267e-23,5.22154282e-23,8.66343740e-23,1.26706078e-22,1.68905641e-22,2.08258175e-22,2.40870952e-22,2.66500775e-22,2.89497017e-22,3.16673496e-22,3.52292463e-22,3.93228712e-22,4.29655564e-22,4.54512790e-22,4.75490454e-22,5.11220202e-22,5.61262072e-22,5.95125175e-22,6.18898493e-22,6.62706061e-22
6.80000000e-01,0.00000000e+00,2.34813284e-23,5.10769232e-23,8.51695077e-23,1.25246790e-22,1.67824447e-22,2.07761210e-22,2.40766485e-22,2.66125503e-22,2.87960922e-22,3.13397344e-22,3.47522063e-22,3.88037327e-22,4.25184923e-22,4.50933422e-22,4.71845481e-22,5.06778512e-22,5.56752396e-22,5.91283724e-22,6.14829618e-22,6.58246077e-22
6.88000000e-01,0.00000000e+00,2.30300685e-23,5.01740406e-23,8.38889105e-23,1.23808180e-22,1.66560112e-22,2.06934180e-22,2.40316620e-22,2.65532286e-22,2.86415561e-22,3.10302768e-22,3.43033981e-22,3.83141890e-22,4.20999624e-22,4.47647133e-22,4.68475813e-22,5.02489853e-22,5.52192383e-22,5.87231632e-22,6.10467649e-22,6.53453805e-22
6.96000000e-01,0.00000000e+00,2.27385474e-23,4.95073765e-23,8.27917827e-23,1.22385082e-22,1.65099662e-22,2.05754968e-22,2.39493581e-22,2.64696449e-22,2.84849998e-22,3.07398813e-22,3.38853995e-22,3.78573017e-22,4.17122232e-22,4.44663423e-22,4.65382214e-22,4.98352128e-22,5.47577609e-22,5.82960814e-22,6.05802756e-22,6.48319256e-22
7.04000000e-01,0.00000000e+00,2.26066058e-23,4.90776201e-23,8.18802432e-23,1.20979631e-22,1.63441799e-22,2.04215511e-22,2.38282521e-22,2.63601383e-22,2.83253922e-22,3.04687200e-22,3.34994178e-22,3.74344037e-22,4.13557535e-22,4.41976427e-22,4.62555160e-22,4.94360231e-22,5.42908910e-22,5.78475891e-22,6.00842881e-22,6.42852011e-22
7.12000000e-01,0.00000000e+00,2.26333617e-23,4.88854239e-23,8.11591457e-23,1.19601080e-22,1.61596804e-22,2.02321882e-22,2.36681870e-22,2.62239131e-22,2.81618405e-22,3.02163194e-22,3.31453812e-22,3.70451934e-22,4.10293460e-22,4.39565666e-22,4.59975230e-22,4.90505905e-22,5.38191628e-22,5.73792879e-22,5.95612045e-22,6.37079395e-22
7.20000000e-01,0.00000000e+00,2.28169659e-23,4.89309041e-23,8.06353339e-23,1.18264882e-22,1.59585604e-22,2.00093560e-22,2.34702974e-22,2.60610537e-22,2.79936571e-22,2.99816727e-22,3.28220867e-22,3.66879041e-22,4.07302791e-22,4.37397525e-22,4.57614020e-22,4.86777815e-22,5.33434743e-22,5.68937477e-22,5.90148039e-22,6.31043956e-22
7.28000000e-01,0.00000000e+00,2.31542101e-23,4.92128338e-23,8.03164239e-23,1.16991152e-22,1.57438110e-22,1.97561929e-22,2.32369082e-22,2.58724930e-22,2.78204094e-22,2.97633669e-22,3.25273906e-22,3.63595354e-22,4.04545582e-22,4.35427358e-22,4.55435513e-22,4.83161854e-22,5.28649982e-22,5.63943078e-22,5.84499691e-22,6.24800456e-22
7.36000000e-01,0.00000000e+00,2.36400398e-23,4.97276317e-23,8.02092503e-23,1.15802650e-22,1.55190976e-22,1.94768170e-22,2.29713759e-22,2.56599401e-22,2.76419494e-22,2.95597146e-22,3.22584255e-22,3.60561273e-22,4.01972062e-22,4.33602067e-22,4.53397826e-22,4.79641651e-22,5.23850933e-22,5.58848640e-22,5.78723857e-22,6.18412555e-22
7.44000000e-01,0.00000000e+00,2.42670359e-23,5.04682660e-23,8.03181446e-23,1.14722497e-22,1.52884979e-22,1.91760708e-22,2.26778869e-22,2.54257721e-22,2.74584240e-22,2.93688839e-22,3.20118327e-22,3.57730605e-22,3.99525861e-22,4.31862995e-22,4.51455199e-22,4.76199237e-22,5.19052215e-22,5.53696495e-22,5.72882294e-22,6.11949348e-22
7.52000000e-01,0.00000000e+00,2.50249324e-23,5.14232052e-23,8.06432285e-23,1.13771828e-22,1.50562258e-22,1.88592439e-22,2.23612300e-22,2.51729027e-22,2.72702670e-22,2.91890195e-22,3.17839946e-22,3.55053647e-22,3.97147354e-22,4.30148955e-22,4.49560122e-22,4.72815814e-22,5.14268718e-22,5.48530199e-22,5.67038546e-22,6.05481901e-22
7.60000000e-01,0.00000000e+00,2.59002356e-23,5.25755392e-23,8.11788967e-23,1.12967610e-22,1.48263630e-22,1.85317944e-22,2.20265595e-22,2.49046359e-22,2.70781765e-22,2.90183510e-22,3.15712571e-22,3.52480196e-22,3.94776959e-22,4.28399225e-22,4.47665459e-22,4.69472557e-22,5.09514906e-22,5.43392477e-22,5.61254946e-22,5.99079924e-22
7.68000000e-01,0.00000000e+00,2.68759989e-23,5.39023800e-23,8.19126444e-23,1.12320790e-22,1.46026185e-22,1.81990883e-22,2.16791649e-22,2.46245171e-22,2.68830812e-22,2.88552836e-22,3.13701301e-22,3.49962314e-22,3.92358200e-22,4.26556357e-22,4.45726442e-22,4.66151392e-22,5.04804197e-22,5.38323343e-22,5.55589852e-22,5.92808682e-22
7.76000000e-01,0.00000000e+00,2.79317934e-23,5.53746207e-23,8.28243553e-23,1.11834939e-22,1.43881322e-22,1.78661727e-22,2.13242623e-22,2.43361903e-22,2.66860982e-22,2.86984686e-22,3.11774586e-22,3.47456744e-22,3.89840396e-22,4.24568663e-22,4.43702463e-22,4.62835693e-22,5.00148429e-22,5.33358432e-22,5.50095204e-22,5.86726281e-22
7.84000000e-01,0.00000000e+00,2.90438984e-23,5.69571003e-23,8.38861234e-23,1.11505481e-22,1.41853355e-22,1.75375959e-22,2.09668147e-22,2.40432673e-22,2.64884850e-22,2.85468513e-22,3.09905573e-22,3.44926865e-22,3.87180878e-22,4.22392261e-22,4.41558546e-22,4.59510871e-22,4.95557413e-22,5.28527616e-22,5.44814488e-22,5.80881392e-22
7.92000000e-01,0.00000000e+00,3.01857147e-23,5.86091875e-23,8.50626337e-23,1.11319544e-22,1.39958709e-22,1.72172778e-22,2.06113905e-22,2.37492140e-22,2.62915879e-22,2.83996939e-22,3.08073025e-22,3.42344109e-22,3.84346626e-22,4.19992630e-22,4.39266480e-22,4.56164821e-22,4.91038594e-22,5.23853951e-22,5.39781179e-22,5.75311520e-22
8.00000000e-01,0.00000000e+00,3.13283868e-23,6.02857583e-23,8.63120792e-23,1.11256434e-22,1.38205756e-22,1.69084350e-22,2.02620588e-22,2.34572557e-22,2.60967857e-22,2.82565729e-22,3.06261798e-22,3.39688810e-22,3.81315303e-22,4.17345608e-22,4.36805572e-22,4.52788237e-22,4.86596842e-22,5.19352982e-22,5.35017713e-22,5.70041858e-22
8.08000000e-01,0.00000000e+00,3.24416038e-23,6.19385176e-23,8.75875536e-23,1.11288651e-22,1.36595197e-22,1.66135568e-22,1.99223242e-22,2.31703006e-22,2.59054310e-22,2.81173506e-22,3.04462877e-22,3.36950473e-22,3.78075668e-22,4.14437849e-22,4.34163008e-22,4.49374785e-22,4.82234375e-22,5.15032440e-22,5.30535033e-22,5.65084767e-22
8.16000000e-01,0.00000000e+00,3.34945369e-23,6.35175859e-23,8.88388223e-23,1.11383381e-22,1.35120950e-22,1.63344253e-22,1.95950946e-22,2.28908819e-22,2.57187887e-22,2.79821244e-22,3.02672980e-22,3.34127497e-22,3.74627398e-22,4.11266737e-22,4.31333871e-22,4.45921160e-22,4.77950845e-22,5.10892339e-22,5.26332692e-22,5.60439895e-22
8.24000000e-01,0.00000000e+00,3.44568608e-23,6.49732597e-23,9.00143559e-23,1.11504309e-22,1.33771404e-22,1.60721728e-22,1.92826779e-22,2.26211149e-22,2.55379729e-22,2.78511541e-22,3.00893798e-22,3.31226394e-22,3.70980371e-22,4.07839836e-22,4.28320808e-22,4.42427044e-22,4.73743563e-22,5.06925456e-22,5.22399507e-22,5.56094887e-22
8.32000000e-01,0.00000000e+00,3.52998042e-23,6.62578433e-23,9.10634952e-23,1.11613644e-22,1.32530931e-22,1.58273656e-22,1.89868032e-22,2.23626680e-22,2.53638845e-22,2.77247749e-22,2.99130926e-22,3.28260604e-22,3.67153494e-22,4.04173914e-22,4.25133441e-22,4.38894973e-22,4.69607879e-22,5.03118158e-22,5.18714703e-22,5.52026642e-22
8.40000000e-01,0.00000000e+00,3.59971728e-23,6.73274489e-23,9.19386168e-23,1.11674198e-22,1.31381523e-22,1.56001052e-22,1.87086572e-22,2.21167464e-22,2.51971508e-22,2.76033011e-22,2.97392582e-22,3.25248993e-22,3.63173174e-22,4.00293649e-22,4.21787530e-22,4.35330144e-22,4.65537665e-22,4.99451508e-22,5.15249461e-22,5.48203023e-22
8.48000000e-01,0.00000000e+00,3.65262918e-23,6.81436691e-23,9.25971743e-23,1.11651392e-22,1.30304435e-22,1.53901370e-22,1.84489341e-22,2.18840862e-22,2.50380716e-22,2.74869270e-22,2.95688212e-22,3.22214157e-22,3.59071552e-22,3.96230091e-22,4.18303985e-22,4.31740162e-22,4.61525896e-22,4.95902600e-22,5.11968775e-22,5.44584899e-22
8.56000000e-01,0.00000000e+00,3.68688209e-23,6.86750350e-23,9.30035044e-23,1.11515075e-22,1.29281726e-22,1.51969583e-22,1.82078913e-22,2.16649595e-22,2.48865753e-22,2.73756341e-22,2.94027079e-22,3.19180651e-22,3.54884603e-22,3.92018988e-22,4.14707749e-22,4.28134751e-22,4.57565257e-22,4.92446002e-22,5.08833487e-22,5.41128394e-22
8.64000000e-01,0.00000000e+00,3.70114034e-23,6.88981900e-23,9.31303054e-23,1.11241051e-22,1.28297600e-22,1.50199194e-22,1.79854092e-22,2.14591907e-22,2.47421887e-22,2.72691104e-22,2.92416953e-22,3.16173247e-22,3.50650224e-22,3.87699066e-22,4.11026640e-22,4.24525408e-22,4.53648754e-22,4.89055239e-22,5.05802390e-22,5.37787211e-22
8.72000000e-01,0.00000000e+00,3.69461217e-23,6.87987256e-23,9.29597207e-23,1.10812244e-22,1.27339494e-22,1.48583111e-22,1.77810508e-22,2.12661822e-22,2.46040233e-22,2.71666899e-22,2.90862973e-22,3.13215349e-22,3.46406416e-22,3.83310334e-22,4.07290168e-22,4.20925038e-22,4.49770268e-22,4.85704216e-22,5.02834262e-22,5.34514891e-22
8.80000000e-01,0.00000000e+00,3.66707400e-23,6.83716472e-23,9.24839819e-23,1.10219443e-22,1.26398846e-22,1.47114366e-22,1.75941201e-22,2.10849522e-22,2.44707826e-22,2.70673164e-22,2.89366778e-22,3.10327628e-22,3.42189643e-22,3.78892512e-22,4.03528403e-22,4.17347537e-22,4.45925012e-22,4.82368492e-22,4.99889730e-22,5.31266887e-22
8.88000000e-01,0.00000000e+00,3.61887280e-23,6.76214552e-23,9.17055919e-23,1.09461624e-22,1.25471538e-22,1.45786633e-22,1.74237165e-22,2.09141826e-22,2.43407892e-22,2.69695357e-22,2.87925939e-22,3.07526968e-22,3.38033441e-22,3.74483622e-22,3.99770910e-22,4.13807364e-22,4.42109860e-22,4.79026349e-22,4.96932869e-22,5.28002357e-22
8.96000000e-01,0.00000000e+00,3.55090694e-23,6.65618471e-23,9.06370516e-23,1.08545816e-22,1.24557989e-22,1.44594560e-22,1.72687860e-22,2.07522768e-22,2.42120352e-22,2.68715175e-22,2.86533742e-22,3.04825749e-22,3.33967331e-22,3.70118800e-22,3.96045784e-22,4.10319069e-22,4.38323529e-22,4.75659603e-22,4.93932473e-22,5.24685603e-22
9.04000000e-01,0.00000000e+00,3.46458688e-23,6.52150639e-23,8.93001589e-23,1.07486570e-22,1.23662925e-22,1.43533894e-22,1.71281658e-22,2.05974257e-22,2.40822504e-22,2.67711062e-22,2.85179309e-22,3.02231496e-22,3.30016058e-22,3.65829357e-22,3.92378824e-22,4.06896827e-22,4.34566601e-22,4.72254130e-22,4.90862952e-22,5.21287106e-22
9.12000000e-01,0.00000000e+00,3.36177779e-23,6.36109188e-23,8.77249220e-23,1.06305039e-22,1.22794851e-22,1.42601435e-22,1.70006241e-22,2.04476805e-22,2.39489897e-22,2.66658982e-22,2.83848053e-22,2.99746871e-22,3.26199161e-22,3.61642094e-22,3.88792844e-22,4.03553958e-22,4.30841392e-22,4.68800100e-22,4.87704854e-22,5.17784147e-22
9.20000000e-01,0.00000000e+00,3.24472721e-23,6.17855617e-23,8.59481536e-23,1.05027763e-22,1.21965274e-22,1.41794811e-22,1.68848935e-22,2.03010285e-22,2.38097320e-22,2.65533398e-22,2.82522412e-22,2.97370005e-22,3.22530861e-22,3.57578883e-22,3.85307144e-22,4.00302472e-22,4.27151684e-22,4.65291950e-22,4.84445010e-22,5.14161031e-22
9.28000000e-01,0.00000000e+00,3.11598114e-23,5.97800389e-23,8.40118182e-23,1.03685199e-22,1.21187721e-22,1.41112134e-22,1.67796978e-22,2.01554703e-22,2.36619881e-22,2.64308420e-22,2.81182808e-22,2.95095083e-22,3.19020234e-22,3.53656495e-22,3.81937131e-22,3.97152642e-22,4.23502354e-22,4.61728102e-22,4.81076359e-22,5.10408937e-22
9.36000000e-01,0.00000000e+00,2.97829251e-23,5.76387209e-23,8.19612185e-23,1.02310102e-22,1.20476630e-22,1.40551550e-22,1.66837724e-22,2.00090942e-22,2.35034102e-22,2.62959023e-22,2.79808755e-22,2.92913155e-22,3.15671621e-22,3.49886638e-22,3.78694107e-22,3.94112626e-22,4.19898919e-22,4.58110501e-22,4.77597484e-22,5.06525473e-22
9.44000000e-01,0.00000000e+00,2.83452613e-23,5.54076679e-23,7.98431105e-23,1.00935829e-22,1.19846178e-22,1.40110730e-22,1.65958799e-22,1.98601458e-22,2.33318990e-22,2.61462285e-22,2.78380050e-22,2.90813078e-22,3.12485219e-22,3.46276199e-22,3.75585194e-22,3.91188161e-22,4.16347052e-22,4.54444006e-22,4.74011943e-22,5.02513975e-22
9.52000000e-01,0.00000000e+00,2.68756421e-23,5.31330081e-23,7.77038351e-23,9.95946670e-23,1.19309109e-22,1.39786344e-22,1.65148192e-22,1.97070890e-22,2.31457014e-22,2.59798561e-22,2.76877946e-22,2.88782520e-22,3.09457797e-22,3.42827614e-22,3.72613392e-22,3.88382328e-22,4.12852093e-22,4.50735704e-22,4.70327453e-22,4.98382652e-22
9.60000000e-01,0.00000000e+00,2.54021638e-23,5.08593980e-23,7.55875545e-23,9.83162594e-23,1.18875642e-22,1.39573559e-22,1.64394312e-22,1.95486568e-22,2.29434948e-22,2.57952525e-22,2.75286250e-22,2.86808953e-22,3.06583464e-22,3.39539362e-22,3.69777759e-22,3.85695412e-22,4.09418594e-22,4.46994187e-22,4.66554994e-22,4.94143631e-22
9.68000000e-01,0.00000000e+00,2.39513777e-23,4.86286284e-23,7.35346692e-23,9.71262135e-23,1.18552518e-22,1.39465601e-22,1.63686016e-22,1.93838914e-22,2.27244539e-22,2.55914027e-22,2.73592264e-22,2.84880570e-22,3.03854442e-22,3.36406509e-22,3.67073679e-22,3.83124849e-22,4.06049932e-22,4.43228867e-22,4.62707914e-22,4.89811980e-22
9.76000000e-01,0.00000000e+00,2.25475815e-23,4.64784287e-23,7.15804832e-23,9.60449538e-23,1.18342239e-22,1.39453414e-22,1.63012622e-22,1.92121704e-22,2.24882969e-22,2.53678717e-22,2.71787533e-22,2.82987066e-22,3.01261794e-22,3.33421288e-22,3.64493214e-22,3.80665273e-22,4.02748005e-22,4.39449343e-22,4.58801062e-22,4.85404764e-22
9.84000000e-01,0.00000000e+00,2.12122447e-23,4.44415132e-23,6.97541674e-23,9.50868726e-23,1.18242542e-22,1.39525448e-22,1.62363910e-22,1.90332205e-22,2.22353095e-22,2.51248408e-22,2.69868338e-22,2.81120238e-22,2.98796049e-22,3.30573663e-22,3.62025505e-22,3.78308654e-22,3.99513034e-22,4.35664874e-22,4.54850025e-22,4.80940190e-22
9.92000000e-01,0.00000000e+00,1.99635852e-23,4.25448967e-23,6.80780572e-23,9.42598103e-23,1.18246137e-22,1.39667602e-22,1.61730144e-22,1.88471185e-22,2.19663456e-22,2.48631157e-22,2.67835929e-22,2.79274382e-22,2.96447717e-22,3.27851867e-22,3.59657211e-22,3.76044521e-22,3.96343476e-22,4.31883965e-22,4.50870473e-22,4.76436863e-22
1.00000000e+00,0.00000000e+00,1.88163036e-23,4.08094926e-23,6.65672985e-23,9.35648827e-23,1.18340725e-22,1.39863316e-22,1.61102104e-22,1.86542807e-22,2.16828063e-22,2.45841078e-22,2.65696489e-22,2.77446469e-22,2.94207655e-22,3.25242872e-22,3.57372973e-22,3.73860258e-22,3.93236046e-22,4.28114091e-22,4.46877644e-22,4.71913186e-22
1.00800000e+00,0.00000000e+00,1.77814765e-23,3.92499944e-23,6.52298411e-23,9.29966489e-23,1.18509287e-22,1.40093829e-22,1.60471141e-22,1.84554406e-22,2.13865973e-22,2.42897882e-22,2.63460829e-22,2.75636104e-22,2.92067291e-22,3.22732807e-22,3.55155875e-22,3.71741467e-22,3.90185843e-22,4.24361542e-22,4.42885975e-22,4.67386907e-22
1.01600000e+00,0.00000000e+00,1.68666003e-23,3.78750243e-23,6.40667588e-23,9.25436000e-23,1.18730626e-22,1.40338582e-22,1.59829258e-22,1.82516180e-22,2.10800680e-22,2.39826194e-22,2.61143850e-22,2.73845285e-22,2.90018712e-22,3.20307294e-22,3.52987903e-22,3.69672377e-22,3.87186570e-22,4.20631389e-22,4.38908866e-22,4.62874801e-22
1.02400000e+00,0.00000000e+00,1.60757712e-23,3.66875221e-23,6.30728595e-23,9.21889289e-23,1.18980135e-22,1.40575750e-22,1.59169209e-22,1.80440798e-22,2.07659350e-22,2.36654660e-22,2.58763808e-22,2.72077992e-22,2.88054624e-22,3.17951723e-22,3.50850397e-22,3.67636295e-22,3.84230832e-22,4.16927568e-22,4.34958566e-22,4.58392490e-22
1.03200000e+00,0.00000000e+00,1.54099803e-23,3.56853360e-23,6.22375374e-23,9.19115297e-23,1.19230733e-22,1.40782872e-22,1.58484615e-22,1.78342943e-22,2.04471940e-22,2.33414917e-22,2.56341415e-22,2.70339637e-22,2.86168214e-22,3.15651466e-22,3.48724475e-22,3.65616071e-22,3.81310484e-22,4.13253028e-22,4.31046168e-22,4.53954367e-22
1.04000000e+00,0.00000000e+00,1.48675010e-23,3.48619714e-23,6.15458080e-23,9.16871645e-23,1.19453933e-22,1.40937542e-22,1.57770082e-22,1.76238815e-22,2.01270228e-22,2.30140452e-22,2.53898851e-22,2.68636433e-22,2.84352943e-22,3.13392045e-22,3.46591444e-22,3.63594578e-22,3.78417021e-22,4.09609956e-22,4.27181670e-22,4.49573599e-22
1.04800000e+00,0.00000000e+00,1.44443380e-23,3.42074449e-23,6.09794608e-23,9.14897303e-23,1.19620968e-22,1.41018129e-22,1.57021314e-22,1.74145602e-22,1.98086805e-22,2.26865417e-22,2.51458717e-22,2.66974708e-22,2.82602303e-22,3.11159271e-22,3.44433191e-22,3.61555177e-22,3.75541976e-22,4.06000023e-22,4.23374091e-22,4.45262189e-22
1.05600000e+00,0.00000000e+00,1.41347136e-23,3.37091946e-23,6.05182632e-23,9.12925558e-23,1.19703922e-22,1.41004481e-22,1.56235203e-22,1.72080931e-22,1.94954067e-22,2.23623452e-22,2.49043004e-22,2.65360240e-22,2.80909570e-22,3.08939368e-22,3.42232545e-22,3.59482174e-22,3.72677312e-22,4.02424644e-22,4.19631603e-22,4.41031054e-22
1.06400000e+00,0.00000000e+00,1.39315594e-23,3.33529925e-23,6.01411516e-23,9.10696612e-23,1.19676809e-22,1.40878575e-22,1.55409891e-22,1.70062338e-22,1.91903233e-22,2.20446559e-22,2.46672123e-22,2.63797629e-22,2.79267582e-22,3.06719095e-22,3.39973629e-22,3.57361237e-22,3.69815785e-22,3.98885214e-22,4.15961655e-22,4.36890111e-22
1.07200000e+00,0.00000000e+00,1.38269910e-23,3.31238153e-23,5.98273483e-23,9.07969194e-23,1.19516546e-22,1.40625085e-22,1.54544795e-22,1.68106737e-22,1.88963445e-22,2.17364081e-22,2.44364038e-22,2.62289764e-22,2.77668577e-22,3.04485889e-22,3.37642179e-22,3.55179775e-22,3.66951266e-22,3.95383313e-22,4.12371072e-22,4.32848329e-22
1.08000000e+00,0.00000000e+00,1.38127413e-23,3.30066304e-23,5.95573554e-23,9.04530667e-23,1.19203774e-22,1.40231837e-22,1.53640578e-22,1.66229932e-22,1.86160955e-22,2.14401822e-22,2.42133547e-22,2.60837407e-22,2.76104099e-22,3.02228021e-22,3.35225855e-22,3.52927266e-22,3.64078996e-22,3.91920849e-22,4.08866103e-22,4.28913743e-22
1.08800000e+00,0.00000000e+00,1.38805353e-23,3.29870666e-23,5.93137824e-23,9.00205209e-23,1.18723499e-22,1.39690131e-22,1.52699080e-22,1.64446174e-22,1.83518444e-22,2.11581329e-22,2.39991739e-22,2.59438927e-22,2.74564997e-22,2.99934783e-22,3.32714504e-22,3.50595528e-22,3.61195773e-22,3.88500137e-22,4.05452415e-22,4.25093410e-22
1.09600000e+00,0.00000000e+00,1.40223922e-23,3.30519446e-23,5.90819811e-23,8.94859809e-23,1.18065533e-22,1.38994918e-22,1.51723195e-22,1.62767768e-22,1.81054479e-22,2.08919376e-22,2.37945641e-22,2.58090186e-22,2.73041517e-22,2.97596705e-22,3.30100417e-22,3.48178916e-22,3.58300069e-22,3.85123913e-22,4.02135022e-22,4.21393315e-22
1.10400000e+00,0.00000000e+00,1.42308486e-23,3.31896542e-23,5.88504704e-23,8.88407907e-23,1.17224711e-22,1.38144835e-22,1.50716706e-22,1.61204752e-22,1.78783132e-22,2.06427642e-22,2.35998070e-22,2.56784579e-22,2.71523489e-22,2.95205785e-22,3.27378525e-22,3.45674461e-22,3.55392056e-22,3.81795261e-22,3.98918155e-22,4.17818214e-22
1.11200000e+00,0.00000000e+00,1.44990981e-23,3.33903739e-23,5.86111470e-23,8.80810686e-23,1.16200901e-22,1.37142097e-22,1.49684081e-22,1.59764646e-22,1.76713756e-22,2.04112595e-22,2.34147680e-22,2.55513237e-22,2.70000587e-22,2.92755731e-22,3.24546570e-22,3.43081921e-22,3.52473564e-22,3.78517488e-22,3.95805078e-22,4.14371435e-22
1.12000000e+00,0.00000000e+00,1.48210513e-23,3.36461379e-23,5.83592914e-23,8.72076114e-23,1.14998823e-22,1.35992258e-22,1.48630248e-22,1.58452289e-22,1.74850921e-22,2.01975580e-22,2.32389193e-22,2.54265352e-22,2.68462669e-22,2.90242211e-22,3.21605210e-22,3.40403766e-22,3.49547957e-22,3.75293933e-22,3.92797866e-22,4.11054643e-22
1.12800000e+00,0.00000000e+00,1.51913219e-23,3.39507634e-23,5.80933864e-23,8.62255955e-23,1.13627674e-22,1.34703869e-22,1.47560354e-22,1.57269747e-22,1.73194508e-22,2.00013079e-22,2.30713800e-22,2.53028625e-22,2.66900149e-22,2.87663071e-22,3.18558071e-22,3.37645086e-22,3.46619948e-22,3.72127741e-22,3.89897166e-22,4.07867603e-22
1.13600000e+00,0.00000000e+00,1.56051486e-23,3.42996575e-23,5.78147747e-23,8.51441055e-23,1.12100621e-22,1.33288049e-22,1.46479518e-22,1.56216316e-22,1.71739944e-22,1.98217136e-22,2.29109690e-22,2.51789787e-22,2.65304392e-22,2.85018526e-22,3.15411732e-22,3.34813428e-22,3.43695369e-22,3.69021609e-22,3.87101956e-22,4.04807945e-22
1.14400000e+00,0.00000000e+00,1.60582673e-23,3.46895284e-23,5.75271900e-23,8.39755265e-23,1.10434174e-22,1.31757988e-22,1.45392605e-22,1.55288601e-22,1.70478558e-22,1.96575913e-22,2.27562683e-22,2.50535172e-22,2.63668107e-22,2.82311300e-22,3.12175632e-22,3.31918564e-22,3.40780886e-22,3.65977529e-22,3.84409330e-22,4.01870970e-22
1.15200000e+00,0.00000000e+00,1.65467461e-23,3.51180279e-23,5.72361953e-23,8.27348408e-23,1.08647479e-22,1.30128426e-22,1.44304017e-22,1.54480665e-22,1.69398049e-22,1.95074345e-22,2.26056926e-22,2.49251309e-22,2.61985695e-22,2.79546695e-22,3.08861912e-22,3.28972205e-22,3.37883704e-22,3.62996548e-22,3.81814327e-22,3.99049508e-22
1.16000000e+00,0.00000000e+00,1.70668011e-23,3.55833548e-23,5.69485707e-23,8.14388705e-23,1.06761580e-22,1.28415124e-22,1.43217521e-22,1.53784261e-22,1.68483027e-22,1.93694860e-22,2.24575623e-22,2.47925486e-22,2.60253548e-22,2.76732584e-22,3.05485172e-22,3.25987663e-22,3.35011257e-22,3.60078560e-22,3.79309830e-22,3.96333863e-22
1.16800000e+00,0.00000000e+00,1.76146053e-23,3.60838471e-23,5.66716841e-23,8.01055068e-23,1.04798673e-22,1.26634349e-22,1.42136118e-22,1.53189105e-22,1.67715617e-22,1.92418128e-22,2.23101746e-22,2.46546268e-22,2.58470263e-22,2.73879309e-22,3.02062151e-22,3.22979472e-22,3.32170906e-22,3.57222152e-22,3.76886550e-22,3.93711849e-22
1.17600000e+00,0.00000000e+00,1.81861072e-23,3.66175899e-23,5.64128840e-23,7.87529628e-23,1.02781395e-22,1.24802401e-22,1.41061959e-22,1.52683212e-22,1.67076086e-22,1.91223816e-22,2.21618714e-22,2.45103944e-22,2.56636758e-22,2.70999493e-22,2.98611350e-22,3.19962980e-22,3.29369652e-22,3.54424514e-22,3.74533100e-22,3.91168933e-22
1.18400000e+00,0.00000000e+00,1.87768706e-23,3.71820624e-23,5.61789417e-23,7.73990838e-23,1.00732164e-22,1.22935200e-22,1.39996318e-22,1.52253255e-22,1.66543492e-22,1.90091309e-22,2.20111000e-22,2.43590863e-22,2.54756283e-22,2.68107748e-22,2.95152579e-22,3.16953927e-22,3.26613890e-22,3.51681423e-22,3.72236181e-22,3.88688492e-22
1.19200000e+00,0.00000000e+00,1.93819466e-23,3.77738434e-23,5.59755711e-23,7.60607416e-23,9.86726075e-23,1.21047933e-22,1.38939600e-22,1.51884957e-22,1.66096302e-22,1.89000377e-22,2.18564644e-22,2.42001670e-22,2.52834321e-22,2.65220308e-22,2.91706464e-22,3.13968019e-22,3.23909196e-22,3.48987304e-22,3.69980863e-22,3.86252185e-22
1.20000000e+00,0.00000000e+00,1.99957840e-23,3.83883904e-23,5.58070428e-23,7.47533309e-23,9.66230856e-23,1.19154792e-22,1.37891417e-22,1.51563482e-22,1.65712988e-22,1.87931764e-22,2.16967667e-22,2.40333417e-22,2.50878382e-22,2.62354568e-22,2.88293912e-22,3.11020503e-22,3.21260165e-22,3.46335372e-22,3.67750966e-22,3.83840422e-22
1.20800000e+00,0.00000000e+00,2.06121855e-23,3.90198995e-23,5.56759067e-23,7.34903831e-23,9.46023164e-23,1.17268778e-22,1.36850686e-22,1.51273827e-22,1.65372570e-22,1.86867694e-22,2.15310357e-22,2.38585558e-22,2.48897692e-22,2.59528574e-22,2.84935556e-22,3.08125767e-22,3.18670296e-22,3.43717843e-22,3.65529523e-22,3.81432919e-22
1.21600000e+00,0.00000000e+00,2.12243089e-23,3.96612535e-23,5.55828271e-23,7.22833009e-23,9.26271155e-23,1.15401591e-22,1.35815771e-22,1.51001202e-22,1.65055094e-22,1.85792266e-22,2.13585456e-22,2.36759831e-22,2.46902804e-22,2.56760459e-22,2.81651197e-22,3.05296973e-22,3.16141936e-22,3.41126208e-22,3.63299310e-22,3.79009329e-22
1.22400000e+00,0.00000000e+00,2.18247153e-23,4.03040535e-23,5.55265302e-23,7.11412126e-23,9.07122377e-23,1.13563589e-22,1.34784651e-22,1.50731376e-22,1.64742043e-22,1.84691764e-22,2.11788215e-22,2.34860045e-22,2.44905140e-22,2.54067862e-22,2.78459264e-22,3.02545717e-22,3.13676263e-22,3.38551554e-22,3.61043421e-22,3.76549901e-22
1.23200000e+00,0.00000000e+00,2.24054591e-23,4.09387316e-23,5.55038563e-23,7.00709387e-23,8.88703177e-23,1.11763811e-22,1.33755093e-22,1.50450991e-22,1.64416663e-22,1.83554845e-22,2.09916365e-22,2.32891783e-22,2.42916498e-22,2.51467342e-22,2.75376297e-22,2.99881749e-22,3.11273325e-22,3.35984921e-22,3.58745853e-22,3.74036161e-22
1.24000000e+00,0.00000000e+00,2.29582156e-23,4.15547336e-23,5.55099065e-23,6.90770585e-23,8.71118940e-23,1.10010047e-22,1.32724837e-22,1.50147834e-22,1.64064218e-22,1.82372650e-22,2.07969985e-22,2.30862049e-22,2.40948533e-22,2.48973825e-22,2.72416493e-22,2.97312742e-22,3.08932105e-22,3.33417668e-22,3.56392089e-22,3.71451565e-22
1.24800000e+00,0.00000000e+00,2.34744388e-23,4.21407601e-23,5.55382667e-23,6.81620601e-23,8.54455036e-23,1.08308942e-22,1.31691770e-22,1.49811057e-22,1.63672160e-22,1.81138813e-22,2.05951308e-22,2.28778877e-22,2.39012257e-22,2.46600086e-22,2.69591305e-22,2.94844117e-22,3.06650629e-22,3.30841827e-22,3.53969639e-22,3.68782112e-22
1.25600000e+00,0.00000000e+00,2.39455422e-23,4.26850508e-23,5.55812923e-23,6.73265546e-23,8.38778264e-23,1.06666132e-22,1.30654081e-22,1.49431342e-22,1.63230231e-22,1.79849407e-22,2.03864472e-22,2.26650934e-22,2.37117567e-22,2.44356314e-22,2.66909137e-22,2.92478937e-22,3.04426088e-22,3.28250447e-22,3.51468521e-22,3.66016869e-22
1.26400000e+00,0.00000000e+00,2.43630927e-23,4.31756986e-23,5.56304338e-23,6.65695354e-23,8.24138645e-23,1.05086374e-22,1.29610394e-22,1.49001013e-22,1.62730483e-22,1.78502822e-22,2.01715239e-22,2.24487128e-22,2.35272831e-22,2.42249759e-22,2.64375111e-22,2.90217858e-22,3.02254973e-22,3.25637877e-22,3.48881651e-22,3.63148404e-22
1.27200000e+00,0.00000000e+00,2.47190104e-23,4.36009751e-23,5.56765836e-23,6.58886627e-23,8.10571374e-23,1.03573679e-22,1.28559860e-22,1.48514091e-22,1.62167248e-22,1.77099589e-22,1.99510695e-22,2.22296251e-22,2.33484558e-22,2.40284480e-22,2.61990953e-22,2.88059148e-22,3.00133227e-22,3.23000007e-22,3.46205132e-22,3.60173086e-22
1.28000000e+00,0.00000000e+00,2.50057641e-23,4.39496549e-23,5.57104269e-23,6.52805532e-23,7.98098777e-23,1.02131427e-22,1.27502222e-22,1.47966294e-22,1.61537043e-22,1.75642183e-22,1.97258964e-22,2.20086674e-22,2.31757149e-22,2.38461207e-22,2.59754965e-22,2.85998770e-22,2.98056380e-22,3.20334430e-22,3.43438423e-22,3.57091251e-22
1.28800000e+00,0.00000000e+00,2.52165568e-23,4.42113240e-23,5.57227777e-23,6.47410615e-23,7.86732137e-23,1.00762455e-22,1.26437826e-22,1.47354982e-22,1.60838436e-22,1.74134790e-22,1.94968926e-22,2.17866101e-22,2.30092752e-22,2.36777328e-22,2.57662116e-22,2.84030513e-22,2.96019687e-22,3.17640539e-22,3.40584377e-22,3.53907229e-22
1.29600000e+00,0.00000000e+00,2.53454927e-23,4.43766610e-23,5.57048893e-23,6.42655367e-23,7.76473290e-23,9.94691185e-23,1.25367598e-22,1.46679064e-22,1.60071866e-22,1.72583066e-22,1.92649969e-22,2.15641395e-22,2.28491233e-22,2.35226983e-22,2.55704220e-22,2.82146189e-22,2.94018251e-22,3.14919528e-22,3.37649159e-22,3.50629210e-22
1.30400000e+00,0.00000000e+00,2.53877226e-23,4.44376815e-23,5.56487249e-23,6.38490466e-23,7.67315925e-23,9.82533137e-23,1.24292984e-22,1.45938850e-22,1.59239438e-22,1.70993893e-22,1.90311776e-22,2.13418479e-22,2.26950235e-22,2.33801282e-22,2.53870219e-22,2.80335869e-22,2.92047129e-22,3.12174335e-22,3.34642028e-22,3.47268977e-22
1.31200000e+00,0.00000000e+00,2.53395612e-23,4.43879402e-23,5.55471839e-23,6.34865627e-23,7.59246544e-23,9.71164732e-23,1.23215842e-22,1.45135887e-22,1.58344698e-22,1.69375145e-22,1.87964149e-22,2.11202310e-22,2.25465348e-22,2.32488620e-22,2.52146541e-22,2.78588160e-22,2.90101419e-22,3.09409494e-22,3.31575013e-22,3.43841512e-22
1.32000000e+00,0.00000000e+00,2.51985767e-23,4.42226850e-23,5.53942774e-23,6.31731016e-23,7.52245091e-23,9.60595288e-23,1.22138322e-22,1.44272747e-22,1.57392388e-22,1.67735450e-22,1.85616866e-22,2.08996919e-22,2.24030361e-22,2.31275082e-22,2.50517533e-22,2.76890515e-22,2.88176336e-22,3.06630930e-22,3.28462484e-22,3.40364478e-22
1.32800000e+00,0.00000000e+00,2.49636485e-23,4.39389631e-23,5.51852530e-23,6.29038261e-23,7.46285274e-23,9.50828510e-23,1.21062711e-22,1.43352821e-22,1.56388202e-22,1.66083975e-22,1.83279585e-22,2.06805511e-22,2.22637585e-22,2.30144923e-22,2.48965947e-22,2.75229566e-22,2.86267262e-22,3.03845698e-22,3.25320639e-22,3.36857617e-22
1.33600000e+00,0.00000000e+00,2.46349972e-23,4.35356785e-23,5.49166703e-23,6.26741065e-23,7.41334643e-23,9.41861739e-23,1.19991270e-22,1.42380085e-22,1.55338533e-22,1.64430220e-22,1.80961771e-22,2.04630608e-22,2.21278231e-22,2.29081098e-22,2.47473464e-22,2.73591472e-22,2.84369792e-22,3.01061679e-22,3.22166943e-22,3.33342086e-22
1.34400000e+00,0.00000000e+00,2.42141834e-23,4.30136048e-23,5.45864307e-23,6.24795499e-23,7.37354486e-23,9.33685107e-23,1.18926072e-22,1.41358873e-22,1.54250231e-22,1.62783825e-22,1.78672642e-22,2.02474228e-22,2.19942822e-22,2.28065816e-22,2.46021235e-22,2.71962263e-22,2.82479760e-22,2.98287256e-22,3.19019516e-22,3.29839742e-22
1.35200000e+00,0.00000000e+00,2.37040821e-23,4.23753557e-23,5.41937677e-23,6.23160031e-23,7.34299631e-23,9.26280736e-23,1.17868840e-22,1.40293661e-22,1.53130368e-22,1.61154393e-22,1.76421144e-22,2.00338067e-22,2.18621620e-22,2.27081114e-22,2.44590427e-22,2.70328193e-22,2.80593257e-22,2.95530973e-22,3.15896526e-22,3.26372434e-22
1.36000000e+00,0.00000000e+00,2.31088317e-23,4.16253195e-23,5.37392039e-23,6.21795371e-23,7.32118248e-23,9.19622036e-23,1.16820808e-22,1.39188862e-22,1.51986016e-22,1.59551321e-22,1.74215917e-22,1.98223700e-22,2.17305036e-22,2.26109406e-22,2.43162750e-22,2.68676069e-22,2.78706651e-22,2.92801204e-22,3.12815588e-22,3.22961296e-22
1.36800000e+00,0.00000000e+00,2.24337634e-23,4.07695627e-23,5.32244817e-23,6.20664219e-23,7.30751722e-23,9.13673212e-23,1.15782598e-22,1.38048643e-22,1.50824043e-22,1.57983639e-22,1.72065272e-22,1.96132747e-22,2.15984024e-22,2.25134000e-22,2.41720953e-22,2.66993560e-22,2.76816597e-22,2.90105843e-22,3.09793201e-22,3.19626099e-22
1.37600000e+00,0.00000000e+00,2.16853118e-23,3.98157081e-23,5.26524748e-23,6.19730977e-23,7.30134683e-23,9.08389047e-23,1.14754140e-22,1.36876775e-22,1.49650932e-22,1.56459866e-22,1.69977154e-22,1.94067030e-22,2.14650423e-22,2.24139564e-22,2.40249267e-22,2.65269483e-22,2.74920053e-22,2.87452021e-22,3.06844246e-22,3.16384659e-22
1.38400000e+00,0.00000000e+00,2.08709123e-23,3.87727925e-23,5.20270862e-23,6.18961493e-23,7.30195237e-23,9.03715012e-23,1.13734615e-22,1.35676510e-22,1.48472620e-22,1.54987864e-22,1.67959094e-22,1.92028676e-22,2.13297242e-22,2.23112524e-22,2.38733794e-22,2.63494045e-22,2.73014293e-22,2.84845876e-22,3.03981559e-22,3.13252339e-22
1.39200000e+00,0.00000000e+00,1.99988860e-23,3.76511098e-23,5.13531388e-23,6.18322887e-23,7.30855453e-23,8.99587737e-23,1.12722448e-22,1.34450498e-22,1.47294365e-22,1.53574708e-22,1.66018146e-22,1.90020190e-22,2.11918881e-22,2.22041379e-22,2.37162820e-22,2.61659051e-22,2.71096934e-22,2.82292366e-22,3.01215587e-22,3.10241649e-22
1.40000000e+00,0.00000000e+00,1.90783160e-23,3.64620420e-23,5.06362621e-23,6.17783477e-23,7.32032109e-23,8.95935866e-23,1.11715339e-22,1.33200743e-22,1.46120636e-22,1.52226559e-22,1.64160801e-22,1.88044467e-22,2.10511267e-22,2.20916932e-22,2.35527055e-22,2.59758067e-22,2.69165958e-22,2.79795146e-22,2.98554150e-22,3.07361959e-22
1.40800000e+00,0.00000000e+00,1.81189168e-23,3.52178830e-23,4.98827771e-23,6.17312829e-23,7.33637691e-23,8.92681264e-23,1.10710333e-22,1.31928589e-22,1.44955036e-22,1.50948555e-22,1.62392889e-22,1.86104766e-22,2.09071921e-22,2.19732432e-22,2.33819789e-22,2.57786531e-22,2.67219741e-22,2.77356501e-22,2.96002297e-22,3.04619332e-22
1.41600000e+00,0.00000000e+00,1.71308988e-23,3.39316559e-23,4.90995820e-23,6.16881910e-23,7.35581643e-23,8.89740563e-23,1.09703931e-22,1.30634752e-22,1.43800257e-22,1.49744702e-22,1.60719467e-22,1.84204624e-22,2.07599945e-22,2.18483614e-22,2.32036967e-22,2.55741821e-22,2.65257095e-22,2.74977338e-22,2.93562265e-22,3.02016468e-22
1.42400000e+00,0.00000000e+00,1.61248288e-23,3.26169271e-23,4.82940375e-23,6.16463336e-23,7.37771783e-23,8.87026975e-23,1.08692230e-22,1.29319382e-22,1.42658053e-22,1.48617799e-22,1.59144700e-22,1.82347743e-22,2.06095937e-22,2.17168667e-22,2.30177179e-22,2.53623273e-22,2.63277292e-22,2.72657235e-22,2.91233538e-22,2.99552765e-22
1.43200000e+00,0.00000000e+00,1.51114890e-23,3.12876167e-23,4.74738529e-23,6.16031674e-23,7.40115870e-23,8.84452322e-23,1.07671092e-22,1.27982156e-22,1.41529257e-22,1.47569368e-22,1.57671730e-22,1.80537834e-22,2.04561840e-22,2.15788109e-22,2.28241587e-22,2.51432151e-22,2.61280110e-22,2.70394540e-22,2.89012991e-22,2.97224483e-22
1.44000000e+00,0.00000000e+00,1.41017331e-23,2.99578071e-23,4.66469694e-23,6.15563747e-23,7.42523214e-23,8.81929179e-23,1.06636336e-22,1.26622399e-22,1.40413818e-22,1.46599610e-22,1.56302565e-22,1.78778440e-22,2.03000747e-22,2.14344596e-22,2.26233764e-22,2.49171570e-22,2.59265854e-22,2.68186509e-22,2.86895115e-22,2.95025002e-22
1.44800000e+00,0.00000000e+00,1.31063433e-23,2.86415497e-23,4.58214409e-23,6.15038918e-23,7.44906283e-23,8.79373060e-23,1.05583935e-22,1.25239222e-22,1.39310867e-22,1.45707393e-22,1.55037964e-22,1.77072749e-22,2.01416660e-22,2.12842674e-22,2.24159489e-22,2.46846385e-22,2.57235387e-22,2.66029483e-22,2.84872304e-22,2.92945146e-22
1.45600000e+00,0.00000000e+00,1.21358865e-23,2.73526704e-23,4.50053099e-23,6.14439278e-23,7.47182215e-23,8.76704549e-23,1.04510220e-22,1.23831681e-22,1.38218808e-22,1.44890259e-22,1.53877357e-22,1.75423405e-22,1.99814222e-22,2.11288484e-22,2.22026486e-22,2.44463031e-22,2.55190142e-22,2.63919083e-22,2.82935195e-22,2.90973580e-22
1.46400000e+00,0.00000000e+00,1.12005728e-23,2.61045753e-23,4.42064784e-23,6.13749726e-23,7.49274170e-23,8.73851289e-23,1.03412077e-22,1.22398934e-22,1.37135434e-22,1.44144471e-22,1.52818781e-22,1.73832329e-22,1.98198440e-22,2.09689430e-22,2.19844118e-22,2.42029344e-22,2.53132125e-22,2.61850418e-22,2.81073036e-22,2.89097242e-22
1.47200000e+00,0.00000000e+00,1.03101158e-23,2.49100564e-23,4.34325722e-23,6.12957888e-23,7.51112465e-23,8.70749747e-23,1.02287133e-22,1.20940408e-22,1.36058055e-22,1.43465083e-22,1.51858854e-22,1.72300564e-22,1.96574413e-22,2.08053845e-22,2.17623066e-22,2.39554346e-22,2.51063904e-22,2.59818302e-22,2.79274079e-22,2.87301795e-22
1.48000000e+00,0.00000000e+00,9.47359853e-24,2.37811019e-23,4.26908006e-23,6.12053868e-23,7.52635435e-23,8.67346690e-23,1.01133914e-22,1.19455957e-22,1.34983648e-22,1.42846049e-22,1.50992781e-22,1.70828144e-22,1.94947066e-22,2.06390635e-22,2.15374979e-22,2.37048013e-22,2.48988579e-22,2.57817460e-22,2.77525967e-22,2.85572089e-22
1.48800000e+00,0.00000000e+00,8.69934416e-24,2.27287113e-23,4.19878121e-23,6.11029823e-23,7.53789997e-23,8.63600316e-23,9.99519833e-23,1.17946008e-22,1.33909011e-22,1.42280348e-22,1.50214410e-22,1.69414015e-22,1.93320920e-22,2.04708951e-22,2.13112128e-22,2.34521033e-22,2.46909742e-22,2.55842715e-22,2.75816116e-22,2.83892615e-22
1.49600000e+00,0.00000000e+00,7.99479603e-24,2.17627196e-23,4.13295501e-23,6.09879365e-23,7.54531896e-23,8.59481001e-23,9.87420375e-23,1.16411689e-22,1.32830922e-22,1.41760153e-22,1.49516318e-22,1.68055980e-22,1.91699892e-22,2.03017866e-22,2.10847064e-22,2.31984549e-22,2.44831414e-22,2.53889163e-22,2.74132073e-22,2.82247931e-22
1.50400000e+00,0.00000000e+00,7.36640817e-24,2.08916345e-23,4.07211107e-23,6.08596826e-23,7.54825642e-23,8.54971648e-23,9.75059722e-23,1.14854934e-22,1.31746299e-22,1.41277003e-22,1.48889937e-22,1.66750707e-22,1.90087137e-22,2.01326099e-22,2.08592288e-22,2.29449907e-22,2.42757968e-22,2.51952316e-22,2.72461830e-22,2.80623048e-22
1.51200000e+00,0.00000000e+00,6.81954915e-24,2.01224905e-23,4.01666093e-23,6.07176409e-23,7.54644147e-23,8.50067625e-23,9.62469041e-23,1.13278558e-22,1.30652350e-22,1.40822008e-22,1.48325727e-22,1.65493776e-22,1.88484937e-22,1.99641761e-22,2.06359951e-22,2.26928410e-22,2.40694043e-22,2.50028212e-22,2.70794113e-22,2.79003780e-22
1.52000000e+00,0.00000000e+00,6.35842202e-24,1.94607254e-23,3.96690594e-23,6.05611290e-23,7.53968110e-23,8.44776324e-23,9.49691537e-23,1.11686308e-22,1.29546712e-22,1.40386052e-22,1.47813363e-22,1.64279768e-22,1.86894644e-22,1.97972157e-22,2.04161573e-22,2.24431073e-22,2.38644438e-22,2.48113497e-22,2.69118610e-22,2.77377033e-22
1.52800000e+00,0.00000000e+00,5.98600269e-24,1.89100817e-23,3.92302699e-23,6.03892711e-23,7.52785192e-23,8.39116352e-23,9.36781878e-23,1.10082873e-22,1.28427573e-22,1.39960004e-22,1.47341960e-22,1.63102401e-22,1.85316662e-22,1.96323628e-22,2.02007813e-22,2.21968409e-22,2.36614006e-22,2.46205474e-22,2.67426155e-22,2.75731043e-22
1.53600000e+00,0.00000000e+00,5.70399929e-24,1.84725394e-23,3.88507677e-23,6.02009136e-23,7.51089034e-23,8.33116420e-23,9.23805241e-23,1.08473865e-22,1.27293772e-22,1.39534930e-22,1.46900311e-22,1.61954696e-22,1.83750481e-22,1.94701443e-22,1.99908263e-22,2.19550220e-22,2.34607534e-22,2.44302119e-22,2.65708861e-22,2.74055552e-22
1.54400000e+00,0.00000000e+00,5.51283414e-24,1.81482827e-23,3.85297480e-23,5.99945532e-23,7.48878195e-23,8.26813970e-23,9.10836012e-23,1.06865759e-22,1.26144872e-22,1.39102286e-22,1.46477131e-22,1.60829171e-22,1.82194749e-22,1.93109738e-22,1.97871292e-22,2.17185425e-22,2.32629631e-22,2.42402071e-22,2.63960205e-22,2.72341933e-22
1.55200000e+00,0.00000000e+00,5.41165016e-24,1.79357039e-23,3.82650595e-23,5.97682826e-23,7.46155065e-23,8.20253609e-23,8.97956187e-23,1.05265808e-22,1.24981204e-22,1.38654098e-22,1.46061301e-22,1.59718056e-22,1.80647384e-22,1.91551492e-22,1.95903930e-22,2.14881904e-22,2.30684612e-22,2.40504598e-22,2.62175068e-22,2.70583259e-22
1.56000000e+00,0.00000000e+00,5.39834222e-24,1.78314456e-23,3.80532268e-23,5.95197590e-23,7.42924814e-23,8.13485415e-23,8.85253519e-23,1.03681921e-22,1.23803878e-22,1.38183122e-22,1.45642112e-22,1.58613514e-22,1.79105706e-22,1.90028559e-22,1.94011791e-22,2.12646382e-22,2.28776393e-22,2.38609537e-22,2.60349728e-22,2.68774318e-22
1.56800000e+00,0.00000000e+00,5.46961368e-24,1.78304839e-23,3.78895114e-23,5.92461999e-23,7.39194451e-23,8.06563181e-23,8.72819487e-23,1.02122516e-22,1.22614771e-22,1.37682969e-22,1.45209478e-22,1.57507869e-22,1.77566597e-22,1.88541715e-22,1.92199036e-22,2.10484331e-22,2.26908390e-22,2.36717228e-22,2.58481828e-22,2.66911595e-22
1.57600000e+00,0.00000000e+00,5.62105738e-24,1.79262498e-23,3.77680130e-23,5.89444091e-23,7.34972023e-23,7.99542667e-23,8.60747129e-23,1.00596345e-22,1.21416475e-22,1.37148205e-22,1.44754141e-22,1.56393821e-22,1.76026667e-22,1.87090749e-22,1.90468377e-22,2.08399915e-22,2.25083435e-22,2.34828430e-22,2.56570301e-22,2.64993206e-22
1.58400000e+00,0.00000000e+00,5.84725965e-24,1.81107875e-23,3.76818096e-23,5.86108319e-23,7.30266007e-23,7.92479912e-23,8.49128821e-23,9.91123074e-23,1.20212214e-22,1.36574414e-22,1.44267834e-22,1.55264649e-22,1.74482431e-22,1.85674574e-22,1.88821109e-22,2.06395958e-22,2.23303711e-22,2.32944238e-22,2.54615285e-22,2.63018810e-22
1.59200000e+00,0.00000000e+00,6.14192487e-24,1.83749470e-23,3.76231331e-23,5.82416422e-23,7.25084910e-23,7.85429660e-23,8.38054059e-23,9.76792463e-23,1.19005747e-22,1.35958223e-22,1.43743420e-22,1.54114392e-22,1.72930476e-22,1.84291347e-22,1.87257172e-22,2.04473944e-22,2.21570696e-22,2.31065990e-22,2.52618013e-22,2.60989490e-22
1.60000000e+00,0.00000000e+00,6.49801774e-24,1.87086050e-23,3.75835763e-23,5.78328562e-23,7.19437096e-23,7.78443948e-23,8.27607305e-23,9.63057354e-23,1.17801236e-22,1.35297299e-22,1.43174988e-22,1.52938004e-22,1.71367625e-22,1.82938610e-22,1.85775243e-22,2.02634047e-22,2.19885133e-22,2.29195190e-22,2.50580691e-22,2.58907625e-22
1.60800000e+00,0.00000000e+00,6.90791935e-24,1.91009087e-23,3.75543254e-23,5.73804706e-23,7.13330829e-23,7.71570881e-23,8.17865956e-23,9.49998701e-23,1.16603100e-22,1.34590312e-22,1.42557917e-22,1.51731474e-22,1.69791084e-22,1.81613431e-22,1.84372839e-22,2.00875179e-22,2.18247014e-22,2.27333422e-22,2.48506371e-22,2.56776740e-22
1.61600000e+00,0.00000000e+00,7.36359292e-24,1.95405354e-23,3.75264106e-23,5.68806200e-23,7.06774518e-23,7.64853618e-23,8.08898485e-23,9.37690606e-23,1.15415858e-22,1.33836861e-22,1.41888893e-22,1.50491916e-22,1.68198566e-22,1.80312543e-22,1.83046451e-22,1.99195070e-22,2.16655590e-22,2.25482286e-22,2.46398826e-22,2.54601360e-22
1.62400000e+00,0.00000000e+00,7.85675452e-24,2.00159602e-23,3.74909665e-23,5.63297460e-23,6.99777143e-23,7.58329589e-23,8.00762800e-23,9.26198376e-23,1.14243966e-22,1.33037389e-22,1.41165905e-22,1.49217622e-22,1.66588399e-22,1.79032486e-22,1.81791669e-22,1.97590365e-22,2.15109391e-22,2.23643332e-22,2.44262417e-22,2.52386853e-22
1.63200000e+00,0.00000000e+00,8.37904398e-24,2.05157237e-23,3.74394930e-23,5.57247724e-23,6.92348810e-23,7.52029925e-23,7.93504853e-23,9.15576758e-23,1.13091650e-22,1.32193067e-22,1.40388196e-22,1.47908086e-22,1.64959605e-22,1.77769727e-22,1.80603334e-22,1.96056733e-22,2.13606270e-22,2.21818019e-22,2.42101974e-22,2.50139278e-22
1.64000000e+00,0.00000000e+00,8.92219100e-24,2.10286918e-23,3.73641087e-23,5.50632774e-23,6.84501400e-23,7.45979110e-23,7.87157531e-23,9.05868391e-23,1.11962751e-22,1.31305668e-22,1.39556188e-22,1.46563988e-22,1.63311956e-22,1.76520786e-22,1.79475684e-22,1.94588993e-22,2.12143453e-22,2.20007668e-22,2.39922676e-22,2.47865237e-22
1.64800000e+00,0.00000000e+00,9.47817190e-24,2.15442984e-23,3.72577867e-23,5.43436555e-23,6.76249257e-23,7.40194839e-23,7.81739850e-23,8.97102533e-23,1.10860578e-22,1.30377437e-22,1.38671391e-22,1.45187152e-22,1.61646002e-22,1.75282333e-22,1.78402496e-22,1.93181250e-22,2.10717614e-22,2.18213441e-22,2.37729939e-22,2.45571734e-22
1.65600000e+00,0.00000000e+00,1.00393526e-23,2.20527662e-23,3.71145641e-23,5.35652623e-23,6.67609868e-23,7.34688053e-23,7.77256450e-23,8.89294102e-23,1.09787779e-22,1.29410954e-22,1.37736282e-22,1.43780481e-22,1.59963078e-22,1.74051279e-22,1.77377233e-22,1.91827034e-22,2.09324948e-22,2.16436321e-22,2.35529317e-22,2.43266033e-22
1.66400000e+00,0.00000000e+00,1.05986138e-23,2.25452949e-23,3.69297196e-23,5.27285340e-23,6.58604478e-23,7.29463127e-23,7.73697413e-23,8.82443044e-23,1.08746240e-22,1.28409005e-22,1.36754182e-22,1.42347863e-22,1.58265283e-22,1.72824848e-22,1.76393182e-22,1.90519442e-22,2.07961259e-22,2.14677105e-22,2.33326403e-22,2.40955533e-22
1.67200000e+00,0.00000000e+00,1.11494556e-23,2.30142163e-23,3.66999104e-23,5.18350769e-23,6.49258603e-23,7.24518203e-23,7.71038389e-23,8.76534075e-23,1.07737001e-22,1.27374459e-22,1.35729121e-22,1.40894066e-22,1.56555447e-22,1.71600632e-22,1.75443580e-22,1.89251281e-22,2.06622049e-22,2.12936398e-22,2.31126746e-22,2.38647647e-22
1.68000000e+00,0.00000000e+00,1.16860785e-23,2.34531077e-23,3.64232652e-23,5.08877219e-23,6.39602402e-23,7.19845608e-23,7.69241013e-23,8.71536774e-23,1.06760212e-22,1.26310165e-22,1.34665697e-22,1.39424613e-22,1.54837070e-22,1.70376632e-22,1.74521731e-22,1.88015204e-22,2.05302607e-22,2.11214620e-22,2.28935771e-22,2.36349686e-22
1.68800000e+00,0.00000000e+00,1.22034402e-23,2.38568640e-23,3.60994298e-23,4.98905402e-23,6.29670866e-23,7.15432368e-23,7.68253616e-23,8.67406048e-23,1.05815113e-22,1.25218863e-22,1.33568947e-22,1.37945651e-22,1.53114254e-22,1.69151280e-22,1.73621118e-22,1.86803845e-22,2.03998106e-22,2.09512015e-22,2.26758703e-22,2.34068760e-22
1.69600000e+00,0.00000000e+00,1.26972857e-23,2.42217259e-23,3.57295639e-23,4.88488205e-23,6.19503820e-23,7.11260765e-23,7.68012183e-23,8.64082952e-23,1.04900051e-22,1.24103110e-22,1.32444213e-22,1.36463815e-22,1.51391615e-22,1.67923449e-22,1.72735490e-22,1.85609942e-22,2.02703685e-22,2.07828660e-22,2.24600509e-22,2.31811677e-22
1.70400000e+00,0.00000000e+00,1.31641541e-23,2.45452649e-23,3.53162894e-23,4.77690048e-23,6.09145724e-23,7.07308930e-23,7.68441559e-23,8.61495838e-23,1.04012523e-22,1.22965240e-22,1.31297030e-22,1.34986089e-22,1.49674193e-22,1.66692448e-22,1.71858944e-22,1.84426445e-22,2.01414541e-22,2.06164478e-22,2.22465834e-22,2.29584857e-22
1.71200000e+00,0.00000000e+00,1.36013591e-23,2.48263280e-23,3.48635934e-23,4.66585880e-23,5.98645268e-23,7.03551462e-23,7.69456839e-23,8.59561802e-23,1.03149256e-22,1.21807336e-22,1.30133009e-22,1.33519668e-22,1.47967347e-22,1.65458006e-22,1.70985991e-22,1.83246627e-22,2.00126000e-22,2.04519254e-22,2.20358954e-22,2.27394259e-22
1.72000000e+00,0.00000000e+00,1.40069491e-23,2.50649444e-23,3.43766887e-23,4.55259817e-23,5.88054777e-23,6.99960037e-23,7.70964948e-23,8.58188405e-23,1.02306305e-22,1.20631225e-22,1.28957748e-22,1.32071822e-22,1.46276648e-22,1.64220238e-22,1.70111606e-22,1.82064166e-22,1.98833596e-22,2.02892650e-22,2.18283729e-22,2.25245303e-22
1.72800000e+00,0.00000000e+00,1.43796470e-23,2.52621989e-23,3.38618385e-23,4.43803480e-23,5.77429458e-23,6.96504020e-23,7.72866345e-23,8.57275597e-23,1.01479184e-22,1.19438496e-22,1.27776749e-22,1.30649768e-22,1.44607771e-22,1.62979610e-22,1.69231266e-22,1.80873226e-22,1.97533131e-22,2.01284218e-22,2.16243569e-22,2.23142819e-22
1.73600000e+00,0.00000000e+00,1.47187735e-23,2.54200791e-23,3.33261503e-23,4.32314093e-23,5.66826497e-23,6.93151064e-23,7.75056825e-23,8.56717823e-23,1.00663008e-22,1.18230529e-22,1.26595344e-22,1.29260545e-22,1.42966383e-22,1.61736890e-22,1.68340973e-22,1.79668518e-22,1.96220731e-22,1.99693420e-22,2.14241401e-22,2.21090997e-22
1.74400000e+00,0.00000000e+00,1.50241583e-23,2.55413015e-23,3.27773490e-23,4.20892396e-23,5.56304061e-23,6.89867690e-23,7.77429389e-23,8.56406233e-23,9.98526507e-23,1.17008545e-22,1.25418640e-22,1.27910900e-22,1.41358033e-22,1.60493091e-22,1.67437266e-22,1.78445353e-22,1.94892900e-22,1.98119640e-22,2.12279653e-22,2.19093346e-22
1.75200000e+00,0.00000000e+00,1.52960426e-23,2.56291232e-23,3.22235348e-23,4.09640455e-23,5.45920236e-23,6.86619854e-23,7.79876129e-23,8.56230950e-23,9.90429127e-23,1.15773658e-22,1.24251468e-22,1.26607180e-22,1.39788043e-22,1.59249412e-22,1.66517223e-22,1.77199678e-22,1.93546555e-22,1.96562202e-22,2.10360235e-22,2.17152674e-22
1.76000000e+00,0.00000000e+00,1.55349768e-23,2.56871487e-23,3.16729361e-23,3.98659429e-23,5.35731940e-23,6.83373492e-23,7.82290107e-23,8.56083340e-23,9.82286897e-23,1.14526937e-22,1.23098347e-22,1.25355231e-22,1.38261403e-22,1.58007175e-22,1.65578447e-22,1.75928102e-22,1.92179061e-22,1.95020390e-22,2.08484541e-22,2.15271070e-22
1.76800000e+00,0.00000000e+00,1.57417180e-23,2.57191353e-23,3.11336652e-23,3.88047381e-23,5.25793857e-23,6.80095047e-23,7.84567175e-23,8.55858221e-23,9.74051377e-23,1.13269471e-22,1.21963445e-22,1.24160309e-22,1.36782672e-22,1.56767756e-22,1.64619050e-22,1.74627913e-22,1.90788260e-22,1.93493463e-22,2.06653447e-22,2.13449905e-22
1.77600000e+00,0.00000000e+00,1.59171307e-23,2.57288077e-23,3.06134840e-23,3.77897195e-23,5.16157431e-23,6.76751981e-23,7.86607717e-23,8.55455962e-23,9.65678310e-23,1.12002430e-22,1.20850561e-22,1.23026998e-22,1.35355890e-22,1.55532522e-22,1.63637628e-22,1.73297083e-22,1.89372486e-22,1.91980674e-22,2.04867331e-22,2.11689842e-22
1.78400000e+00,0.00000000e+00,1.60620948e-23,2.57196856e-23,3.01195888e-23,3.68294653e-23,5.06869950e-23,6.73313268e-23,7.88318266e-23,8.54784423e-23,9.57129054e-23,1.10727118e-22,1.19763090e-22,1.21959137e-22,1.33984484e-22,1.54302760e-22,1.62633226e-22,1.71934262e-22,1.87930580e-22,1.90481293e-22,2.03126088e-22,2.09990854e-22
1.79200000e+00,0.00000000e+00,1.61774233e-23,2.56949297e-23,2.96584183e-23,3.59316743e-23,4.97973752e-23,6.69749855e-23,7.89612979e-23,8.53760681e-23,9.48371845e-23,1.09445025e-22,1.18704011e-22,1.20959757e-22,1.32671204e-22,1.53079625e-22,1.61605302e-22,1.70538768e-22,1.86461899e-22,1.88994628e-22,2.01429164e-22,2.08352260e-22
1.80000000e+00,0.00000000e+00,1.62637934e-23,2.56572130e-23,2.92354916e-23,3.51030233e-23,4.89505583e-23,6.66035115e-23,7.90414924e-23,8.52312519e-23,9.39382839e-23,1.08157859e-22,1.17675860e-22,1.20031029e-22,1.31418049e-22,1.51864074e-22,1.60553694e-22,1.69110570e-22,1.84966316e-22,1.87520042e-22,1.99775589e-22,2.06772764e-22
1.80800000e+00,0.00000000e+00,1.63216915e-23,2.56086175e-23,2.88552798e-23,3.43490537e-23,4.81496104e-23,6.62145245e-23,7.90657183e-23,8.50379634e-23,9.30146913e-23,1.06867571e-22,1.16680715e-22,1.19174220e-22,1.30226225e-22,1.50656824e-22,1.59478576e-22,1.67650260e-22,1.83444214e-22,1.86056979e-22,1.98164019e-22,2.05250503e-22
1.81600000e+00,0.00000000e+00,1.63513747e-23,2.55505616e-23,2.85211136e-23,3.36740912e-23,4.73969582e-23,6.58059648e-23,7.90283721e-23,8.47914548e-23,9.20658207e-23,1.05576368e-22,1.15720179e-22,1.18389664e-22,1.29096100e-22,1.49458312e-22,1.58380424e-22,1.66159029e-22,1.81896485e-22,1.84604981e-22,1.96592780e-22,2.03783107e-22
1.82400000e+00,0.00000000e+00,1.63528492e-23,2.54837573e-23,2.82351276e-23,3.30811975e-23,4.66943738e-23,6.53761250e-23,7.89250033e-23,8.44883199e-23,9.10920387e-23,1.04286701e-22,1.14795358e-22,1.17676744e-22,1.28027187e-22,1.48268659e-22,1.57259977e-22,1.64638629e-22,1.80324506e-22,1.83163705e-22,1.95059916e-22,2.02367751e-22
1.83200000e+00,0.00000000e+00,1.63258650e-23,2.54081989e-23,2.79982435e-23,3.25721551e-23,4.60429764e-23,6.49236770e-23,7.87523540e-23,8.41265215e-23,9.00946635e-23,1.03001252e-22,1.13906854e-22,1.17033888e-22,1.27018137e-22,1.47087659e-22,1.56118205e-22,1.63091340e-22,1.78730129e-22,1.81732941e-22,1.93563236e-22,2.01001223e-22
1.84000000e+00,0.00000000e+00,1.62699276e-23,2.53231803e-23,2.78101876e-23,3.21474836e-23,4.54432498e-23,6.44476920e-23,7.85083746e-23,8.37053864e-23,8.90759373e-23,1.01722905e-22,1.13054746e-22,1.16458578e-22,1.26066749e-22,1.45914766e-22,1.54956283e-22,1.61519932e-22,1.77115652e-22,1.80312622e-22,1.92100365e-22,1.99679984e-22
1.84800000e+00,0.00000000e+00,1.61843237e-23,2.52273413e-23,2.76695431e-23,3.18064843e-23,4.48950723e-23,6.39476535e-23,7.81922136e-23,8.32255699e-23,8.80389734e-23,1.00454695e-22,1.12238589e-22,1.15947376e-22,1.25170001e-22,1.44749107e-22,1.53775563e-22,1.59927620e-22,1.75483791e-22,1.78902830e-22,1.90668783e-22,1.98400230e-22
1.85600000e+00,0.00000000e+00,1.60681616e-23,2.51187376e-23,2.75738326e-23,3.15473116e-23,4.43977583e-23,6.34234616e-23,7.78041853e-23,8.26889908e-23,8.69876805e-23,9.91997652e-23,1.11457410e-22,1.15495964e-22,1.24324096e-22,1.43589496e-22,1.52577556e-22,1.58318023e-22,1.73837645e-22,1.77503800e-22,1.89265872e-22,1.97157949e-22
1.86400000e+00,0.00000000e+00,1.59204224e-23,2.49949326e-23,2.75196265e-23,3.13670660e-23,4.39501097e-23,6.28754291e-23,7.73457131e-23,8.20987393e-23,8.59266662e-23,9.79613032e-23,1.10709714e-22,1.15099201e-22,1.23524526e-22,1.42434467e-22,1.51363921e-22,1.56695120e-22,1.72180657e-22,1.76115911e-22,1.87888947e-22,1.95948976e-22
1.87200000e+00,0.00000000e+00,1.57400204e-23,2.48531069e-23,2.75026727e-23,3.12619056e-23,4.35504724e-23,6.23042686e-23,7.68192531e-23,8.14589620e-23,8.48611244e-23,9.67424789e-23,1.09993496e-22,1.14751195e-22,1.22766153e-22,1.41282321e-22,1.50136447e-22,1.55063203e-22,1.70516568e-22,1.74739682e-22,1.86535294e-22,1.94769043e-22
1.88000000e+00,0.00000000e+00,1.55258707e-23,2.46901803e-23,2.75180436e-23,3.12271713e-23,4.31967980e-23,6.17110699e-23,7.62281984e-23,8.07747263e-23,8.37967094e-23,9.55463798e-23,1.09306262e-22,1.14445390e-22,1.22043308e-22,1.40131174e-22,1.48897055e-22,1.53426824e-22,1.68849366e-22,1.73375752e-22,1.85202185e-22,1.93613818e-22
1.88800000e+00,0.00000000e+00,1.52769602e-23,2.45029421e-23,2.75602935e-23,3.12575212e-23,4.28867066e-23,6.10972698e-23,7.55767677e-23,8.00518689e-23,8.27394002e-23,9.43759460e-23,1.08645064e-22,1.14174666e-22,1.21349894e-22,1.38979025e-22,1.47647791e-22,1.51790753e-22,1.67183231e-22,1.72024858e-22,1.83886908e-22,1.92478947e-22
1.89600000e+00,0.00000000e+00,1.49924204e-23,2.42881857e-23,2.76236225e-23,3.13470702e-23,4.26175491e-23,6.04646127e-23,7.48698808e-23,7.92968323e-23,8.16953602e-23,9.32339094e-23,1.08006538e-22,1.13931456e-22,1.20679511e-22,1.37823824e-22,1.46390825e-22,1.50159919e-22,1.65522479e-22,1.70687808e-22,1.82586771e-22,1.91360085e-22
1.90400000e+00,0.00000000e+00,1.46715990e-23,2.40428424e-23,2.77020406e-23,3.14895299e-23,4.23864672e-23,5.98151048e-23,7.41130242e-23,7.85164945e-23,8.06707955e-23,9.21227370e-23,1.07386954e-22,1.13707865e-22,1.20025585e-22,1.36663545e-22,1.45128452e-22,1.48539358e-22,1.63871497e-22,1.69365452e-22,1.81299116e-22,1.90252917e-22
1.91200000e+00,0.00000000e+00,1.43141280e-23,2.37641099e-23,2.77895287e-23,3.16783470e-23,4.21904497e-23,5.91509618e-23,7.33121110e-23,7.77179950e-23,7.96718152e-23,9.10445821e-23,1.06782277e-22,1.13495804e-22,1.19381496e-22,1.35496261e-22,1.43863090e-22,1.46934159e-22,1.62234677e-22,1.68058641e-22,1.80021321e-22,1.89153189e-22
1.92000000e+00,0.00000000e+00,1.39199856e-23,2.34495729e-23,2.78801916e-23,3.19068337e-23,4.20263835e-23,5.84745527e-23,7.24733379e-23,7.69085626e-23,7.87042981e-23,9.00012437e-23,1.06188232e-22,1.13287126e-22,1.18740721e-22,1.34320222e-22,1.42597277e-22,1.45349407e-22,1.60616351e-22,1.66768196e-22,1.78750804e-22,1.88056719e-22
1.92800000e+00,0.00000000e+00,1.34895507e-23,2.30973110e-23,2.79683982e-23,3.21682903e-23,4.18910989e-23,5.77883404e-23,7.16030430e-23,7.60953489e-23,7.77737686e-23,8.89941358e-23,1.05600381e-22,1.13073765e-22,1.18096960e-22,1.33133926e-22,1.41333670e-22,1.43790121e-22,1.59020724e-22,1.65494867e-22,1.77485021e-22,1.86959421e-22
1.93600000e+00,0.00000000e+00,1.30236484e-23,2.27059927e-23,2.80489081e-23,3.24561166e-23,4.17814087e-23,5.70948215e-23,7.07075684e-23,7.52852710e-23,7.68852844e-23,8.80242665e-23,1.05014198e-22,1.12847873e-22,1.17444270e-22,1.31936183e-22,1.40075028e-22,1.42261197e-22,1.57451807e-22,1.64239298e-22,1.76221470e-22,1.85857317e-22
1.94400000e+00,0.00000000e+00,1.25235836e-23,2.22749511e-23,2.81169798e-23,3.27639099e-23,4.16941415e-23,5.63964669e-23,6.97931301e-23,7.44848669e-23,7.60433384e-23,8.70922280e-23,1.04425154e-22,1.12601956e-22,1.16777180e-22,1.30726170e-22,1.38824202e-22,1.40767345e-22,1.55913353e-22,1.63001994e-22,1.74957693e-22,1.84746564e-22
1.95200000e+00,0.00000000e+00,1.19911645e-23,2.18042424e-23,2.81684601e-23,3.30855489e-23,4.16261684e-23,5.56956655e-23,6.88656990e-23,7.37001670e-23,7.52517769e-23,8.61981972e-23,1.03828798e-22,1.12328996e-22,1.16090804e-22,1.29503484e-22,1.37584114e-22,1.39313030e-22,1.54408795e-22,1.61783287e-22,1.73691278e-22,1.83623467e-22
1.96000000e+00,0.00000000e+00,1.14287128e-23,2.12946828e-23,2.81998533e-23,3.34152638e-23,4.15744250e-23,5.49946725e-23,6.79308948e-23,7.29365837e-23,7.45137349e-23,8.53419462e-23,1.03220843e-22,1.12022569e-22,1.15380927e-22,1.28268167e-22,1.36357728e-22,1.37902409e-22,1.52941192e-22,1.60583318e-22,1.72419878e-22,1.82484509e-22
1.96800000e+00,0.00000000e+00,1.08390617e-23,2.07478670e-23,2.82083693e-23,3.37476904e-23,4.15359277e-23,5.42955632e-23,6.69938950e-23,7.21988211e-23,7.38315895e-23,8.45228614e-23,1.02597239e-22,1.11676945e-22,1.14644089e-22,1.27020731e-22,1.35148015e-22,1.36539271e-22,1.51513174e-22,1.59402013e-22,1.71141219e-22,1.81326382e-22
1.97600000e+00,0.00000000e+00,1.02255420e-23,2.01661655e-23,2.81919511e-23,3.40779102e-23,4.15077868e-23,5.36001955e-23,6.60593618e-23,7.14908060e-23,7.32069318e-23,8.37399717e-23,1.01954252e-22,1.11287179e-22,1.13877635e-22,1.25762161e-22,1.33957917e-22,1.35226984e-22,1.50126900e-22,1.58239075e-22,1.69853123e-22,1.80146017e-22
1.98400000e+00,0.00000000e+00,9.59195551e-24,1.95527022e-23,2.81492816e-23,3.44014769e-23,4.14872163e-23,5.29101802e-23,6.51313861e-23,7.08156408e-23,7.26405566e-23,8.29919831e-23,1.01288531e-22,1.10849175e-22,1.13079758e-22,1.24493904e-22,1.32790300e-22,1.33968435e-22,1.48784024e-22,1.57093981e-22,1.68553538e-22,1.78940627e-22
1.99200000e+00,0.00000000e+00,8.94253762e-24,1.89113138e-23,2.80797716e-23,3.47144290e-23,4.14715409e-23,5.22268610e-23,6.42134510e-23,7.01755783e-23,7.21324693e-23,8.22773192e-23,1.00597164e-22,1.10359742e-22,1.12249512e-22,1.23217846e-22,1.31647900e-22,1.32765980e-22,1.47485664e-22,1.55965987e-22,1.67240568e-22,1.77707748e-22
2.00000000e+00,0.00000000e+00,8.28190950e-24,1.82464925e-23,2.79835303e-23,3.50132910e-23,4.14582018e-23,5.15513045e-23,6.33084131e-23,6.95720185e-23,7.16819095e-23,8.15941656e-23,9.98777287e-23,1.09816620e-22,1.11386808e-22,1.21936271e-22,1.30533272e-22,1.31621405e-22,1.46232382e-22,1.54854140e-22,1.65912512e-22,1.76445289e-22
