t,elem_0,elem_1,elem_2,elem_3,elem_4,elem_5,elem_6,elem_7,elem_8,elem_9,elem_10,elem_11,elem_12,elem_13,elem_14,elem_15,elem_16,elem_17,elem_18,elem_19
0.00000000e+00,0.00000000e+00,0.00000000e+00,0.00000000e+00,0.00000000e+00,0.00000000e+00,0.00000000e+00,0.00000000e+00,0.00000000e+00,0.00000000e+00,0.00000000e+00,0.00000000e+00,0.00000000e+00,0.00000000e+00,0.00000000e+00,0.00000000e+00,0.00000000e+00,0.00000000e+00,0.00000000e+00,0.00000000e+00,0.00000000e+00
8.00000000e-03,-1.22930334e+06,-9.86618737e+05,-7.24806280e+05,-4.25054827e+05,-6.58881283e+04,3.71908799e+05,9.00240740e+05,1.51871384e+06,2.21011968e+06,2.93708099e+06,3.64083771e+06,4.24339928e+06,4.65441182e+06,4.78398030e+06,4.56220943e+06,3.96523095e+06,3.04581452e+06,1.96419002e+06,1.01139099e+06,4.51416003e+05
1.60000000e-02,-1.45727842e+06,-8.70182440e+05,-2.82193575e+05,2.98648814e+05,8.67086607e+05,1.42402783e+06,1.97780063e+06,2.54243803e+06,3.13244806e+06,3.75414822e+06,4.39464139e+06,5.01085127e+06,5.52256252e+06,5.81478412e+06,5.75540307e+06,5.23320142e+06,4.21784940e+06,2.83636430e+06,1.44884465e+06,5.27814161e+05
2.40000000e-02,-1.19283132e+06,-3.89861980e+05,4.06223282e+05,1.17006280e+06,1.87446421e+06,2.49796961e+06,3.03156596e+06,3.48316210e+06,3.87792627e+06,4.25250842e+06,4.64194116e+06,5.05994675e+06,5.47657995e+06,5.80128177e+06,5.88350442e+06,5.54520608e+06,4.65685416e+06,3.25751833e+06,1.69651651e+06,5.74525795e+05
3.20000000e-02,-3.34818176e+05,4.05208921e+05,1.15251296e+06,1.88934007e+06,2.58970432e+06,3.22293717e+06,3.76048055e+06,4.18511279e+06,4.50000841e+06,4.73338940e+06,4.93383851e+06,5.15257320e+06,5.41297181e+06,5.67468423e+06,5.80881847e+06,5.60910257e+06,4.86618778e+06,3.52045640e+06,1.87349186e+06,6.09906614e+05
4.00000000e-02,8.33668584e+05,1.35822162e+06,1.91343495e+06,2.50133195e+06,3.11102414e+06,3.71438260e+06,4.26870419e+06,4.72708821e+06,5.05466772e+06,5.24557952e+06,5.33261618e+06,5.38050802e+06,5.45673666e+06,5.58237591e+06,5.67984201e+06,5.55154708e+06,4.93527411e+06,3.67470901e+06,1.99834725e+06,6.36575399e+05
4.80000000e-02,2.05148009e+06,2.34909295e+06,2.69558157e+06,3.10961411e+06,3.59670755e+06,4.13833589e+06,4.68863852e+06,5.18144404e+06,5.54817833e+06,5.74317140e+06,5.76761091e+06,5.67890951e+06,5.57186569e+06,5.52556580e+06,5.52805964e+06,5.41766802e+06,4.90549142e+06,3.74728510e+06,2.08248484e+06,6.56290725e+05
5.60000000e-02,3.18702353e+06,3.32220967e+06,3.51167950e+06,3.77902672e+06,4.13973875e+06,4.58813848e+06,5.08834941e+06,5.57386088e+06,5.95996956e+06,6.16989411e+06,6.16845593e+06,5.98865938e+06,5.73064286e+06,5.51579404e+06,5.39765705e+06,5.26713497e+06,4.83244486e+06,3.77608316e+06,2.14281975e+06,6.71803686e+05
6.40000000e-02,4.20764783e+06,4.26141525e+06,4.36184730e+06,4.52455766e+06,4.76612399e+06,5.09387588e+06,5.49279715e+06,5.91522887e+06,6.28168606e+06,6.49968538e+06,6.50027734e+06,6.27969754e+06,5.92087324e+06,5.56546229e+06,5.32281602e+06,5.14485408e+06,4.75789004e+06,3.78954740e+06,2.19200282e+06,6.85161088e+05
7.20000000e-02,5.13490639e+06,5.16786543e+06,5.23181224e+06,5.32548888e+06,5.45895341e+06,5.65000075e+06,5.90959644e+06,6.22186379e+06,6.53007009e+06,6.74193494e+06,6.76184951e+06,6.54300726e+06,6.13282968e+06,5.67121391e+06,5.30949916e+06,5.06354802e+06,4.69548519e+06,3.79727252e+06,2.23416710e+06,6.96994191e+05
8.00000000e-02,6.01226943e+06,6.04881940e+06,6.09975244e+06,6.14437924e+06,6.18177137e+06,6.23546101e+06,6.34041203e+06,6.51610561e+06,6.73825231e+06,6.92752099e+06,6.97134276e+06,6.78028274e+06,6.35516664e+06,5.81622445e+06,5.34246492e+06,5.01289118e+06,4.63939133e+06,3.79611252e+06,2.26781698e+06,7.07014759e+05
8.80000000e-02,6.88304954e+06,6.91216984e+06,6.94468588e+06,6.94397979e+06,6.89709529e+06,6.82717684e+06,6.78494502e+06,6.81978503e+06,6.94117344e+06,7.09111632e+06,7.15113720e+06,6.99575297e+06,6.57588363e+06,5.97970902e+06,5.40051767e+06,4.97656799e+06,4.57929156e+06,3.78046048e+06,2.29057889e+06,7.14819050e+05
9.60000000e-02,7.77701689e+06,7.76359684e+06,7.75235905e+06,7.69834717e+06,7.57819534e+06,7.40812777e+06,7.24247032e+06,7.14869701e+06,7.16487739e+06,7.25883228e+06,7.31773192e+06,7.19135689e+06,6.78399112e+06,6.14436046e+06,5.46753764e+06,4.94410216e+06,4.51048543e+06,3.74898652e+06,2.30225463e+06,7.20397497e+05
1.04000000e-01,8.70569291e+06,8.60562671e+06,8.51742661e+06,8.39687297e+06,8.21329692e+06,7.97010780e+06,7.71209459e+06,7.51023914e+06,7.42236938e+06,7.44376690e+06,7.47850955e+06,7.36572840e+06,6.97087002e+06,6.29944067e+06,5.53624057e+06,4.91427745e+06,4.43636004e+06,3.70602788e+06,2.30535517e+06,7.24212320e+05
1.12000000e-01,9.66468419e+06,9.43817667e+06,9.24253384e+06,9.04249896e+06,8.80363685e+06,8.51223801e+06,8.19210801e+06,7.90372475e+06,7.71480244e+06,7.64782390e+06,7.63381264e+06,7.51602783e+06,7.13129276e+06,6.44053177e+06,5.60652992e+06,4.89244158e+06,4.36541327e+06,3.65921129e+06,2.30387874e+06,7.26976269e+05
1.20000000e-01,1.06397747e+07,1.02598339e+07,9.93567277e+06,9.64681239e+06,9.35833754e+06,9.03743052e+06,8.67910846e+06,8.32228522e+06,8.03544346e+06,7.86653385e+06,7.78130426e+06,7.64073110e+06,7.26394122e+06,6.56761553e+06,5.68155436e+06,4.88548103e+06,4.30637825e+06,3.61585607e+06,2.30155331e+06,7.29343996e+05
1.28000000e-01,1.16134551e+07,1.10690865e+07,1.06071532e+07,1.02246796e+07,9.88902304e+06,9.54897156e+06,9.16760046e+06,8.75538608e+06,8.37407962e+06,8.09388999e+06,7.91986105e+06,7.74165380e+06,7.37120976e+06,6.68283770e+06,5.76403179e+06,4.89757036e+06,4.26433845e+06,3.58021940e+06,2.30052610e+06,7.31685725e+05
1.36000000e-01,1.25697628e+07,1.18650349e+07,1.12670824e+07,1.07901241e+07,1.04059951e+07,1.00485035e+07,9.65039845e+06,9.19126634e+06,8.72041441e+06,8.32546197e+06,8.05149888e+06,7.82435857e+06,7.45828957e+06,6.78875749e+06,5.85420021e+06,4.92825886e+06,4.23923475e+06,3.55255610e+06,2.30095345e+06,7.34020469e+05
1.44000000e-01,1.34967726e+07,1.26475006e+07,1.19237166e+07,1.13540206e+07,1.09164750e+07,1.05356354e+07,1.01197142e+07,9.61891067e+06,9.06597269e+06,8.55941087e+06,8.18118244e+06,7.89703859e+06,7.53178239e+06,6.88735589e+06,5.94958423e+06,4.97295262e+06,4.22671685e+06,3.52990782e+06,2.30143356e+06,7.36096903e+05
1.52000000e-01,1.43871378e+07,1.34167201e+07,1.25826503e+07,1.19233532e+07,1.14244867e+07,1.10086909e+07,1.05685289e+07,1.00294079e+07,9.40472443e+06,8.79595603e+06,8.31526120e+06,7.96856671e+06,7.59822572e+06,6.97971100e+06,6.04600372e+06,5.02489551e+06,4.22038788e+06,3.50788520e+06,2.29991184e+06,7.37555796e+05
1.60000000e-01,1.52375134e+07,1.41729005e+07,1.32466205e+07,1.25014369e+07,1.19315955e+07,1.14658603e+07,1.09918025e+07,1.04167044e+07,9.73293122e+06,9.03617890e+06,8.45954683e+06,8.04653845e+06,7.66289063e+06,7.06608791e+06,6.13900258e+06,5.07748306e+06,4.21425911e+06,3.48255120e+06,2.29461812e+06,7.38096089e+05
1.68000000e-01,1.60476210e+07,1.49158628e+07,1.39156849e+07,1.30885343e+07,1.24378041e+07,1.19061525e+07,1.13872040e+07,1.07778331e+07,1.00486926e+07,9.28091347e+06,8.61783935e+06,8.13592825e+06,7.72908267e+06,7.14619626e+06,6.22502832e+06,5.12599916e+06,4.20451248e+06,3.45173508e+06,2.28470756e+06,7.37587021e+05
1.76000000e-01,1.68193995e+07,1.56448842e+07,1.45876046e+07,1.36825209e+07,1.29422192e+07,1.23298470e+07,1.17552443e+07,1.11127196e+07,1.03514815e+07,9.53011538e+06,8.79128295e+06,8.23861780e+06,7.79800720e+06,7.21945978e+06,6.30203200e+06,5.16835990e+06,4.19017637e+06,3.41549280e+06,2.27046915e+06,7.36102686e+05
1.84000000e-01,1.75563598e+07,1.63587375e+07,1.52583465e+07,1.42794873e+07,1.34434086e+07,1.27384412e+07,1.20988807e+07,1.14236702e+07,1.06417609e+07,9.78274979e+06,8.97852544e+06,8.35372178e+06,7.86911312e+06,7.28524061e+06,6.36948505e+06,5.20491458e+06,4.17279428e+06,3.37578739e+06,2.25314261e+06,7.33886751e+05
1.92000000e-01,1.82630660e+07,1.70558599e+07,1.59226672e+07,1.48743055e+07,1.39395618e+07,1.31342669e+07,1.24227704e+07,1.17146491e+07,1.09206548e+07,1.00370224e+07,9.17640604e+06,8.47843125e+06,7.94073853e+06,7.34302202e+06,6.42801079e+06,5.23763961e+06,4.15545533e+06,3.33568118e+06,2.23449245e+06,7.31274142e+05
2.00000000e-01,1.89446247e+07,1.77345640e+07,1.65747486e+07,1.54612158e+07,1.44286054e+07,1.35199972e+07,1.27323898e+07,1.19904595e+07,1.11896210e+07,1.02907248e+07,9.38083042e+06,8.60903932e+06,8.01085591e+06,7.39256711e+06,6.47887964e+06,5.26913560e+06,4.14163149e+06,3.29838870e+06,2.21631597e+06,7.28601387e+05
2.08000000e-01,1.96061202e+07,1.83932243e+07,1.72088390e+07,1.60344465e+07,1.49083730e+07,1.38982127e+07,1.30332002e+07,1.22559449e+07,1.14501066e+07,1.05415253e+07,9.58756079e+06,8.74187043e+06,8.07774040e+06,7.43405587e+06,6.52356196e+06,5.30175598e+06,4.13418141e+06,3.26647363e+06,2.20002920e+06,7.26131522e+05
2.16000000e-01,2.02520277e+07,1.90304054e+07,1.78198324e+07,1.65888183e+07,1.53768397e+07,1.42711099e+07,1.33299848e+07,1.25153171e+07,1.17032210e+07,1.07871398e+07,9.79277593e+06,8.87394566e+06,8.14044123e+06,7.46818081e+06,6.56343257e+06,5.33704539e+06,4.13472245e+06,3.24135117e+06,2.18641334e+06,7.24008449e+05
2.24000000e-01,2.08856966e+07,1.96449298e+07,1.84037182e+07,1.71202446e+07,1.58323636e+07,1.46403522e+07,1.36264125e+07,1.27716898e+07,1.19494885e+07,1.10254024e+07,9.99337446e+06,9.00332950e+06,8.19900227e+06,7.49617161e+06,6.59963178e+06,5.37552081e+06,4.14341599e+06,3.22313432e+06,2.17554205e+06,7.22244460e+05
2.32000000e-01,2.15090034e+07,2.02359005e+07,1.89578493e+07,1.76260457e+07,1.62738589e+07,1.50070219e+07,1.39248294e+07,1.30268566e+07,1.21887399e+07,1.12542960e+07,1.01870702e+07,9.12918727e+06,8.25443616e+06,7.51972671e+06,6.63303580e+06,5.41673206e+06,4.15910081e+06,3.21077357e+06,2.16686395e+06,7.20736338e+05
2.40000000e-01,2.21222405e+07,2.08026970e+07,1.94810107e+07,1.81050313e+07,1.67008428e+07,1.53716220e+07,1.42262480e+07,1.32813100e+07,1.24201694e+07,1.14720000e+07,1.03723550e+07,9.25162734e+06,8.30850020e+06,7.54085074e+06,6.66427838e+06,5.45949819e+06,4.17965670e+06,3.20239403e+06,2.15939044e+06,7.19300904e+05
2.48000000e-01,2.27242446e+07,2.13449614e+07,1.99733046e+07,1.85573592e+07,1.71133470e+07,1.57340945e+07,1.45304825e+07,1.35344549e+07,1.26425394e+07,1.16769799e+07,1.05483958e+07,9.37141557e+06,8.36334646e+06,7.56162173e+06,6.69378059e+06,5.50221940e+06,4.20247395e+06,3.19572504e+06,2.15193308e+06,7.17719724e+05
2.56000000e-01,2.33127134e+07,2.18625782e+07,2.04358996e+07,1.89842263e+07,1.75117228e+07,1.60938400e+07,1.48363783e+07,1.37849469e+07,1.28544806e+07,1.18681088e+07,1.07149086e+07,9.48964106e+06,8.42112629e+06,7.58393062e+06,6.72177079e+06,5.54318885e+06,4.22492512e+06,3.18853091e+06,2.14334082e+06,7.15783720e+05
2.64000000e-01,2.38846268e+07,2.23556505e+07,2.08707043e+07,1.93874717e+07,1.78963982e+07,1.64497474e+07,1.51420867e+07,1.40310769e+07,1.30548120e+07,1.20447891e+07,1.08720308e+07,9.60739582e+06,8.48362325e+06,7.60924268e+06,6.74829628e+06,5.58085791e+06,4.24476587e+06,3.17897489e+06,2.13269971e+06,7.13330574e+05
2.72000000e-01,2.44366798e+07,2.28244697e+07,2.12800279e+07,1.97691786e+07,1.82676513e+07,1.68002432e+07,1.54453432e+07,1.42711272e+07,1.32428129e+07,1.22070339e+07,1.10201977e+07,9.72551231e+06,8.55197168e+06,7.63842446e+06,6.77323799e+06,5.61403109e+06,4.26042061e+06,3.16587373e+06,2.11947048e+06,7.10270297e+05
2.80000000e-01,2.49656554e+07,2.32694744e+07,2.16662778e+07,2.01313402e+07,1.86254466e+07,1.71433719e+07,1.57437184e+07,1.45036469e+07,1.34183942e+07,1.23554824e+07,1.11600256e+07,9.84438530e+06,8.62649684e+06,7.67166466e+06,6.79633831e+06,5.64198196e+06,4.27113269e+06,3.14882232e+06,2.10355274e+06,7.06596748e+05
2.88000000e-01,2.54686909e+07,2.36912027e+07,2.20317235e+07,2.04756305e+07,1.89693621e+07,1.74769068e+07,1.60348223e+07,1.47276182e+07,1.35821458e+07,1.24913367e+07,1.12922049e+07,9.96388890e+06,8.70668815e+06,7.70849701e+06,6.81724587e+06,5.66449065e+06,4.27697863e+06,3.12818816e+06,2.08527539e+06,7.02385102e+05
2.96000000e-01,2.59434267e+07,2.40902369e+07,2.23783416e+07,2.08032885e+07,1.92986083e+07,1.77984856e+07,1.63164509e+07,1.49425068e+07,1.37352640e+07,1.26162293e+07,1.14174081e+07,1.00833858e+07,8.79129558e+06,7.74791447e+06,6.83557343e+06,5.68180990e+06,4.27876166e+06,3.10499135e+06,2.06532289e+06,6.97777112e+05
3.04000000e-01,2.63880491e+07,2.44671489e+07,2.27077339e+07,2.11151041e+07,1.96121195e+07,1.81057559e+07,1.65866765e+07,1.51482167e+07,1.38793854e+07,1.27320442e+07,1.15362182e+07,1.02018139e+07,8.87852126e+06,7.78854940e+06,6.85096036e+06,5.69457301e+06,4.27781252e+06,3.08069922e+06,2.04461422e+06,6.92957483e+05
3.12000000e-01,2.68012568e+07,2.48224484e+07,2.30211057e+07,2.14114758e+07,1.99086906e+07,1.83965167e+07,1.68438887e+07,1.53449755e+07,1.40163659e+07,1.28407186e+07,1.16490819e+07,1.03178264e+07,8.96626779e+06,7.82888664e+06,6.86312978e+06,5.70366206e+06,4.27573535e+06,3.05697314e+06,2.02415652e+06,6.88125563e+05
3.20000000e-01,2.71821841e+07,2.51565407e+07,2.33192832e+07,2.16925070e+07,2.01871269e+07,1.86688419e+07,1.70868000e+07,1.55331875e+07,1.41480448e+07,1.29440541e+07,1.17562863e+07,1.04299572e+07,9.05240086e+06,7.86747546e+06,6.87193250e+06,5.71005916e+06,4.27413993e+06,3.03540843e+06,2.00489661e+06,6.83466863e+05
3.28000000e-01,2.75303121e+07,2.54696941e+07,2.36027498e+07,2.19581113e+07,2.04463811e+07,1.89211757e+07,1.73144285e+07,1.57132862e+07,1.42760337e+07,1.30435602e+07,1.18579561e+07,1.05367825e+07,9.13498721e+06,7.90311082e+06,6.87737310e+06,5.71470356e+06,4.27440027e+06,3.01730527e+06,1.98759203e+06,6.79128495e+05
3.36000000e-01,2.78453895e+07,2.57620216e+07,2.38716870e+07,2.22081021e+07,2.06856573e+07,1.91523971e+07,1.75260716e+07,1.58856127e+07,1.44015536e+07,1.31403434e+07,1.19540660e+07,1.06370560e+07,9.21247785e+06,7.93496299e+06,6.87961712e+06,5.71837481e+06,4.27747145e+06,3.00350075e+06,1.97271828e+06,6.75201701e+05
3.44000000e-01,2.81273775e+07,2.60334732e+07,2.41260100e+07,2.24422539e+07,2.09044732e+07,1.93618488e+07,1.77212803e+07,1.60503357e+07,1.45253385e+07,1.32350493e+07,1.20444610e+07,1.07298006e+07,9.28381840e+06,7.96264422e+06,6.87898107e+06,5.72161585e+06,4.28378499e+06,2.99427978e+06,1.96042199e+06,6.71713293e+05
3.52000000e-01,2.83764210e+07,2.62838414e+07,2.43653932e+07,2.26603325e+07,2.11026772e+07,1.95493359e+07,1.78998374e+07,1.62074180e+07,1.46476061e+07,1.33278572e+07,1.21288818e+07,1.08143505e+07,9.34848181e+06,7.98621165e+06,6.87590809e+06,5.72470174e+06,4.29322857e+06,2.98936940e+06,1.95052215e+06,6.68626362e+05
3.60000000e-01,2.85928421e+07,2.65127759e+07,2.45892893e+07,2.28620959e+07,2.12804277e+07,1.97150961e+07,1.80617402e+07,1.63566254e+07,1.47680896e+07,1.34185188e+07,1.22069909e+07,1.08903477e+07,9.40643050e+06,8.00611365e+06,6.87093316e+06,5.72765155e+06,4.30520296e+06,2.98800829e+06,1.94255431e+06,6.65849250e+05
3.68000000e-01,2.87771468e+07,2.67198078e+07,2.47969455e+07,2.30472780e+07,2.14381426e+07,1.98597460e+07,1.82071857e+07,1.64975675e+07,1.48861175e+07,1.35064338e+07,1.22784002e+07,1.09577015e+07,9.45802389e+06,8.02309351e+06,6.86464135e+06,5.73027437e+06,4.31873818e+06,2.98907345e+06,1.93584732e+06,6.63250746e+05
3.76000000e-01,2.89300351e+07,2.69043795e+07,2.49874232e+07,2.32155644e+07,2.15764316e+07,1.99842120e+07,1.83365517e+07,1.66297556e+07,1.50007211e+07,1.35907472e+07,1.23426995e+07,1.10165263e+07,9.50389254e+06,8.03806743e+06,6.85762256e+06,5.73223624e+06,4.33264514e+06,2.99124037e+06,1.92961889e+06,6.60678854e+05
3.84000000e-01,2.90524023e+07,2.70658806e+07,2.51596277e+07,2.33665735e+07,2.16960234e+07,2.00896482e+07,1.84503713e+07,1.67526630e+07,1.51107541e+07,1.36704580e+07,1.23994881e+07,1.10670711e+07,9.54480096e+06,8.05199484e+06,6.85042626e+06,5.73313400e+06,4.34567693e+06,2.99315157e+06,1.92307548e+06,6.57980353e+05
3.92000000e-01,2.91453255e+07,2.72036851e+07,2.53123504e+07,2.34998501e+07,2.17976975e+07,2.01773512e+07,1.85492968e+07,1.68657762e+07,1.52150059e+07,1.37445258e+07,1.24484073e+07,1.11096564e+07,9.58151918e+06,8.06575704e+06,6.84351926e+06,5.73256338e+06,4.35667714e+06,2.99357090e+06,1.91550352e+06,6.55018628e+05
4.00000000e-01,2.92100313e+07,2.73171894e+07,2.54443258e+07,2.36148777e+07,2.18822288e+07,2.02486745e+07,1.86340534e+07,1.69686283e+07,1.53122972e+07,1.38119666e+07,1.24891752e+07,1.11446238e+07,9.61471803e+06,8.08005726e+06,6.83724970e+06,5.73017211e+06,4.36469768e+06,2.99150644e+06,1.90634201e+06,6.51687840e+05
4.08000000e-01,2.92478447e+07,2.74058489e+07,2.55542990e+07,2.37111082e+07,2.19503484e+07,2.03049509e+07,1.87053849e+07,1.70608122e+07,1.54015506e+07,1.38719299e+07,1.25216189e+07,1.11723069e+07,9.64489709e+06,8.09535026e+06,6.83181989e+06,5.72569337e+06,4.36907608e+06,2.98629132e+06,1.89523024e+06,6.47922229e+05
4.16000000e-01,2.92601246e+07,2.74692096e+07,2.56411002e+07,2.37880077e+07,2.20027217e+07,2.03474243e+07,1.87639967e+07,1.71419752e+07,1.54818336e+07,1.39237531e+07,1.25457028e+07,1.11930195e+07,9.67234802e+06,8.11180519e+06,6.82727030e+06,5.71895886e+06,4.36946912e+06,2.97761926e+06,1.88202858e+06,6.43700138e+05
4.24000000e-01,2.92481930e+07,2.75069359e+07,2.57037192e+07,2.38451087e+07,2.20399419e+07,2.03771968e+07,1.88105016e+07,1.72118000e+07,1.55523769e+07,1.39669917e+07,1.25615479e+07,1.12070603e+07,9.69715057e+06,8.12930104e+06,6.82347587e+06,5.70989413e+06,4.36584631e+06,2.96553738e+06,1.86681374e+06,6.39043006e+05
4.32000000e-01,2.92132668e+07,2.75188309e+07,2.57413706e+07,2.38820638e+07,2.20625339e+07,2.03951912e+07,1.88453746e+07,1.72699803e+07,1.56125717e+07,1.40014264e+07,1.25694405e+07,1.12147252e+07,9.71919479e+06,8.14745049e+06,6.82015510e+06,5.69850167e+06,4.35845096e+06,2.95040375e+06,1.84985272e+06,6.34010144e+05
4.40000000e-01,2.91564008e+07,2.75048505e+07,2.57535462e+07,2.38986900e+07,2.20709645e+07,2.04021296e+07,1.88689233e+07,1.73161981e+07,1.56619553e+07,1.40270506e+07,1.25698264e+07,1.12163233e+07,9.73822070e+06,8.16564563e+06,6.81689108e+06,5.68483727e+06,4.34773934e+06,2.93281989e+06,1.83156127e+06,6.28690414e+05
4.48000000e-01,2.90784488e+07,2.74651097e+07,2.57400461e+07,2.38949982e+07,2.20656537e+07,2.03985286e+07,1.88812759e+07,1.73501095e+07,1.57001898e+07,1.40440424e+07,1.25632918e+07,1.12121881e+07,9.75386638e+06,8.18311809e+06,6.81316284e+06,5.66898592e+06,4.33430887e+06,2.91354921e+06,1.81245333e+06,6.23192077e+05
4.56000000e-01,2.89800474e+07,2.73998826e+07,2.57009885e+07,2.38712046e+07,2.20469835e+07,2.03847079e+07,1.88823897e+07,1.73713442e+07,1.57270408e+07,1.40527258e+07,1.25505304e+07,1.12026809e+07,9.76571651e+06,8.19900576e+06,6.80838425e+06,5.65104140e+06,4.31882526e+06,2.89343190e+06,1.79308769e+06,6.17632040e+05
4.64000000e-01,2.88616224e+07,2.73095966e+07,2.56367966e+07,2.38277204e+07,2.20153017e+07,2.03608099e+07,1.88720776e+07,1.73795183e+07,1.57423612e+07,1.40535264e+07,1.25323003e+07,1.11881849e+07,9.77334536e+06,8.21241962e+06,6.80194743e+06,5.63109268e+06,4.30195647e+06,2.87330491e+06,1.77401726e+06,6.12125554e+05
4.72000000e-01,2.87234179e+07,2.71948218e+07,2.55481663e+07,2.37651248e+07,2.19709202e+07,2.03268290e+07,1.88500505e+07,1.73742623e+07,1.57460797e+07,1.40469259e+07,1.25093741e+07,1.11690886e+07,9.77635051e+06,8.22250512e+06,6.79326710e+06,5.60921816e+06,4.28431861e+06,2.85393333e+06,1.75574480e+06,6.06777177e+05
4.80000000e-01,2.85655406e+07,2.70562559e+07,2.54360186e+07,2.36841224e+07,2.19141092e+07,2.02826453e+07,1.88159695e+07,1.73552562e+07,1.57381974e+07,1.40334186e+07,1.24824858e+07,1.11457627e+07,9.77437623e+06,8.22849425e+06,6.78182247e+06,5.58548682e+06,4.26643628e+06,2.83595690e+06,1.73868781e+06,6.01673547e+05
4.88000000e-01,2.83880155e+07,2.68947081e+07,2.53014431e+07,2.35854943e+07,2.18450883e+07,2.02280609e+07,1.87695022e+07,1.73222714e+07,1.57187872e+07,1.40134734e+07,1.24522818e+07,1.11185336e+07,9.76712688e+06,8.22974632e+06,6.76719335e+06,5.55996466e+06,4.24871750e+06,2.81985319e+06,1.72315374e+06,5.96878228e+05
4.96000000e-01,2.81908444e+07,2.67110805e+07,2.51456389e+07,2.34700463e+07,2.17640181e+07,2.01628356e+07,1.87103767e+07,1.72752087e+07,1.56879973e+07,1.39875018e+07,1.24192773e+07,1.10876571e+07,9.75437267e+06,8.22577613e+06,6.74908806e+06,5.53272370e+06,4.23144180e+06,2.80591696e+06,1.70932566e+06,5.92428702e+05
5.04000000e-01,2.79740608e+07,2.65063507e+07,2.49698582e+07,2.33385627e+07,2.16709940e+07,2.00867203e+07,1.86384288e+07,1.72141309e+07,1.56460532e+07,1.39558351e+07,1.23838250e+07,1.10532982e+07,9.73594988e+06,8.21627008e+06,6.72736118e+06,5.50385081e+06,4.21475895e+06,2.79425423e+06,1.69725774e+06,5.88335400e+05
5.12000000e-01,2.77377765e+07,2.62815541e+07,2.47753586e+07,2.31917696e+07,2.15660454e+07,1.99994854e+07,1.85536364e+07,1.71392828e+07,1.55932574e+07,1.39187087e+07,1.23460959e+07,1.10155183e+07,9.71175837e+06,8.20109059e+06,6.70202011e+06,5.47345416e+06,4.19869575e+06,2.78478886e+06,1.68687937e+06,5.84582544e+05
5.20000000e-01,2.74822151e+07,2.60377690e+07,2.45633660e+07,2.30303109e+07,2.14491400e+07,1.99009434e+07,1.84561400e+07,1.70510980e+07,1.55299849e+07,1.38762558e+07,1.23060758e+07,1.09742732e+07,9.68175814e+06,8.18027047e+06,6.67322044e+06,5.44166573e+06,4.18316820e+06,2.77727910e+06,1.67800651e+06,5.81130562e+05
5.28000000e-01,2.72077317e+07,2.57761023e+07,2.43350512e+07,2.28547387e+07,2.13201945e+07,1.97909657e+07,1.83462474e+07,1.69501905e+07,1.54566743e+07,1.38285087e+07,1.22635752e+07,1.09294214e+07,9.64596621e+06,8.15399826e+06,6.64125076e+06,5.40863924e+06,4.16799739e+06,2.77134193e+06,1.67035882e+06,5.77919736e+05
5.36000000e-01,2.69148180e+07,2.54976785e+07,2.40915178e+07,2.26655179e+07,2.11790919e+07,1.96694926e+07,1.82244246e+07,1.68373325e+07,1.53738141e+07,1.37754066e+07,1.22182529e+07,1.08807427e+07,9.60445412e+06,8.12259656e+06,6.60650872e+06,5.37454365e+06,4.15292743e+06,2.76648320e+06,1.66358120e+06,5.74874830e+05
5.44000000e-01,2.66040960e+07,2.52036302e+07,2.38338020e+07,2.24630412e+07,2.10257017e+07,1.95365381e+07,1.80912741e+07,1.67134216e+07,1.52819258e+07,1.37168107e+07,1.21696497e+07,1.08279634e+07,9.55734599e+06,8.08649453e+06,6.56947007e+06,5.33955355e+06,4.13764496e+06,2.76213163e+06,1.65726835e+06,5.71910363e+05
5.52000000e-01,2.62763023e+07,2.48950904e+07,2.35628813e+07,2.22476532e+07,2.08599032e+07,1.93921897e+07,1.79475041e+07,1.65794405e+07,1.51815465e+07,1.36525226e+07,1.21172292e+07,1.07707873e+07,9.50481616e+06,8.04619660e+06,6.53065367e+06,5.30383746e+06,4.12179964e+06,2.75767524e+06,1.65099101e+06,5.68936261e+05
5.60000000e-01,2.59322664e+07,2.45731868e+07,2.32796869e+07,2.20196792e+07,2.06816098e+07,1.92366041e+07,1.77938931e+07,1.64364137e+07,1.50732102e+07,1.35823068e+07,1.20604215e+07,1.07089272e+07,9.44708588e+06,8.00224892e+06,6.49058478e+06,5.26754614e+06,4.10502537e+06,2.75249863e+06,1.64432276e+06,5.65863592e+05
5.68000000e-01,2.55728879e+07,2.42390370e+07,2.29851202e+07,2.17794534e+07,2.04907907e+07,1.90700014e+07,1.76312534e+07,1.62853645e+07,1.49574329e+07,1.35059145e+07,1.19986682e+07,1.06421352e+07,9.38441816e+06,7.95520552e+06,6.44975964e+06,5.23080215e+06,4.08696183e+06,2.74601944e+06,1.63686589e+06,5.62610076e+05
5.76000000e-01,2.51991145e+07,2.38937445e+07,2.26800674e+07,2.15273465e+07,2.02874902e+07,1.88926574e+07,1.74603957e+07,1.61272763e+07,1.48346996e+07,1.34231071e+07,1.19314620e+07,1.05702284e+07,9.31711069e+06,7.90559596e+06,6.40861350e+06,5.19369206e+06,4.06727568e+06,2.73772238e+06,1.62827508e+06,5.59105111e+05
5.84000000e-01,2.48119238e+07,2.35383956e+07,2.23654117e+07,2.12637865e+07,2.00718430e+07,1.87048964e+07,1.72820999e+07,1.59630615e+07,1.47054564e+07,1.33336782e+07,1.18583822e+07,1.04931088e+07,9.24548678e+06,7.85389637e+06,6.36749436e+06,5.15626190e+06,4.04568055e+06,2.72718904e+06,1.61827779e+06,5.55294014e+05
5.92000000e-01,2.44123102e+07,2.31740560e+07,2.20420412e+07,2.09892740e+07,1.98440845e+07,1.85070848e+07,1.70970922e+07,1.57935375e+07,1.45701054e+07,1.32374727e+07,1.17791203e+07,1.04107758e+07,9.16988492e+06,7.80050548e+06,6.32664375e+06,5.11851633e+06,4.02195454e+06,2.71412178e+06,1.60668990e+06,5.51141255e+05
6.00000000e-01,2.40012777e+07,2.28017676e+07,2.17108514e+07,2.07043896e+07,1.96045558e+07,1.82996263e+07,1.69060298e+07,1.56194132e+07,1.44290052e+07,1.31344016e+07,1.16934981e+07,1.03233311e+07,9.09064794e+06,7.74572704e+06,6.28618561e+06,5.08042106e+06,3.99595416e+06,2.69836019e+06,1.59342589e+06,5.46632467e+05
6.08000000e-01,2.35798383e+07,2.24225458e+07,2.13727440e+07,2.04097948e+07,1.93537055e+07,1.80829589e+07,1.67094938e+07,1.54412831e+07,1.42824729e+07,1.30244514e+07,1.16014749e+07,1.02309767e+07,9.00811255e+06,7.68975965e+06,6.24612345e+06,5.04190812e+06,3.96762335e+06,2.67988889e+06,1.57850278e+06,5.41775138e+05
6.16000000e-01,2.31490148e+07,2.20373766e+07,2.10286203e+07,2.01062267e+07,1.90920859e+07,1.78575542e+07,1.65079899e+07,1.52596298e+07,1.41307894e+07,1.29076892e+07,1.15031467e+07,1.01340069e+07,8.92260058e+06,7.63269443e+06,6.20634558e+06,5.00288314e+06,3.93699691e+06,2.65883619e+06,1.56203756e+06,5.36597906e+05
6.24000000e-01,2.27098464e+07,2.16472131e+07,2.06793727e+07,1.97944877e+07,1.88203477e+07,1.76239181e+07,1.63019543e+07,1.50748329e+07,1.39742058e+07,1.27842612e+07,1.13987366e+07,1.00327960e+07,8.83441238e+06,7.57452029e+06,6.16663760e+06,4.96323365e+06,3.90419776e+06,2.63546361e+06,1.54423846e+06,5.31148547e+05
6.32000000e-01,2.22633969e+07,2.12529739e+07,2.03258740e+07,1.94754323e+07,1.85392313e+07,1.73825924e+07,1.60917654e+07,1.48871820e+07,1.38129497e+07,1.26543879e+07,1.12885794e+07,9.92778154e+06,8.74382311e+06,7.51513634e+06,6.12670081e+06,4.92283782e+06,3.86942820e+06,2.61014690e+06,1.52539037e+06,5.25490778e+05
6.40000000e-01,2.18107621e+07,2.08555410e+07,1.99689667e+07,1.91499526e+07,1.82495573e+07,1.71341573e+07,1.58777572e+07,1.46968933e+07,1.36472326e+07,1.25183549e+07,1.11731006e+07,9.81944712e+06,8.65108190e+06,7.45437002e+06,6.08617519e+06,4.88157272e+06,3.83295584e+06,2.58335012e+06,1.50583587e+06,5.19700118e+05
6.48000000e-01,2.13530763e+07,2.04557586e+07,1.96094539e+07,1.88189635e+07,1.79522150e+07,1.68792338e+07,1.56602349e+07,1.45041274e+07,1.34772557e+07,1.23765004e+07,1.10527934e+07,9.70830358e+06,8.55641356e+06,7.39199937e+06,6.04466500e+06,4.83932180e+06,3.79509540e+06,2.55559469e+06,1.48595292e+06,5.13859096e+05
6.56000000e-01,2.08915167e+07,2.00544336e+07,1.92480913e+07,1.84833883e+07,1.76481515e+07,1.66184844e+07,1.54394901e+07,1.43090075e+07,1.33032164e+07,1.22292030e+07,1.09281933e+07,9.59487103e+06,8.46002230e+06,7.32777756e+06,6.00176541e+06,4.79598129e+06,3.75618791e+06,2.52742569e+06,1.46613104e+06,5.08052163e+05
6.64000000e-01,2.04273048e+07,1.96523361e+07,1.88855830e+07,1.81441476e+07,1.73383597e+07,1.63526131e+07,1.52158144e+07,1.41116360e+07,1.31253128e+07,1.20768674e+07,1.07998549e+07,9.47966194e+06,8.36209655e+06,7.26145777e+06,5.95708840e+06,4.75146542e+06,3.71657902e+06,2.49937794e+06,1.44674757e+06,5.02360640e+05
6.72000000e-01,1.99617042e+07,1.92502024e+07,1.85225801e+07,1.78021489e+07,1.70238665e+07,1.60823628e+07,1.49895101e+07,1.39121107e+07,1.29437498e+07,1.19199131e+07,1.06683294e+07,9.36316602e+06,8.26281403e+06,7.19281636e+06,5.91028637e+06,4.70571054e+06,3.67659838e+06,2.47194429e+06,1.42814563e+06,4.96858048e+05
6.80000000e-01,1.94960156e+07,1.88487379e+07,1.81596833e+07,1.74582805e+07,1.67057211e+07,1.58085109e+07,1.47608990e+07,1.37105377e+07,1.27587439e+07,1.17587640e+07,1.05341456e+07,9.24583725e+06,8.16234621e+06,7.12167293e+06,5.86107230e+06,4.65867832e+06,3.63654154e+06,2.44554831e+06,1.41061519e+06,4.91606119e+05
6.88000000e-01,1.90315682e+07,1.84486221e+07,1.77974476e+07,1.71134063e+07,1.63849833e+07,1.55318615e+07,1.45303262e+07,1.35070426e+07,1.25705281e+07,1.15938412e+07,1.03977956e+07,9.12808333e+06,8.06086145e+06,7.04790579e+06,5.80923534e+06,4.61035810e+06,3.59665563e+06,2.42052292e+06,1.39437847e+06,4.86651704e+05
6.96000000e-01,1.85697090e+07,1.80505139e+07,1.74363908e+07,1.67683649e+07,1.60627123e+07,1.52532370e+07,1.42981625e+07,1.33017790e+07,1.23793579e+07,1.14255590e+07,1.02597237e+07,9.01025761e+06,7.95852657e+06,6.97146228e+06,5.75465149e+06,4.56076850e+06,3.55712990e+06,2.39709618e+06,1.37958016e+06,4.82024737e+05
7.04000000e-01,1.81117899e+07,1.76550574e+07,1.70770038e+07,1.64239691e+07,1.57399560e+07,1.49734667e+07,1.40648016e+07,1.30949347e+07,1.21855159e+07,1.12543237e+07,1.01203207e+07,8.89265367e+06,7.85550643e+06,6.89236346e+06,5.69728889e+06,4.50995841e+06,3.51809125e+06,2.37538472e+06,1.36628304e+06,4.77737318e+05
7.12000000e-01,1.76591532e+07,1.72628887e+07,1.67197625e+07,1.60810081e+07,1.54177405e+07,1.46933745e+07,1.38306565e+07,1.28867348e+07,1.19893174e+07,1.10805355e+07,9.97992187e+06,8.77550255e+06,7.75196200e+06,6.81070351e+06,5.63720798e+06,4.45800725e+06,3.47960466e+06,2.35539453e+06,1.35446869e+06,4.73783888e+05
7.20000000e-01,1.72131168e+07,1.68746413e+07,1.63651400e+07,1.57402507e+07,1.50970607e+07,1.44137668e+07,1.35961526e+07,1.26774433e+07,1.17911145e+07,1.09045925e+07,9.83880971e+06,8.65897256e+06,7.64804713e+06,6.72664433e+06,5.57455685e+06,4.40502452e+06,3.44167813e+06,2.33702866e+06,1.34404298e+06,4.70142421e+05
7.28000000e-01,1.67749594e+07,1.64909528e+07,1.60136190e+07,1.54024488e+07,1.47788729e+07,1.41354199e+07,1.33617205e+07,1.24673620e+07,1.15912997e+07,1.07268952e+07,9.69721878e+06,8.54317156e+06,7.54390467e+06,6.64040629e+06,5.50956250e+06,4.35114845e+06,3.40427116e+06,2.32010043e+06,1.33484551e+06,4.66776459e+05
7.36000000e-01,1.63459067e+07,1.61124692e+07,1.56657032e+07,1.50683419e+07,1.44640870e+07,1.38590689e+07,1.31277878e+07,1.22568279e+07,1.13903072e+07,1.05478531e+07,9.55534365e+06,8.42815170e+06,7.43966260e+06,6.55225630e+06,5.44251876e+06,4.29654366e+06,3.36730560e+06,2.30435094e+06,1.32666218e+06,4.63637812e+05
7.44000000e-01,1.59271188e+07,1.57398493e+07,1.53219267e+07,1.47386603e+07,1.41535618e+07,1.35853984e+07,1.28947713e+07,1.20462091e+07,1.11886134e+07,1.03678891e+07,9.41334814e+06,8.31391608e+06,7.33543077e+06,6.46249433e+06,5.37377191e+06,4.24139787e+06,3.33067794e+06,2.28946921e+06,1.31923967e+06,4.60669695e+05
7.52000000e-01,1.55196795e+07,1.53737668e+07,1.49828610e+07,1.44141283e+07,1.38481010e+07,1.33150353e+07,1.26630704e+07,1.18358994e+07,1.09867342e+07,1.01874443e+07,9.27137529e+06,8.20042733e+06,7.23129891e+06,6.37143963e+06,5.30370489e+06,4.18591752e+06,3.29427172e+06,2.27511347e+06,1.31230092e+06,4.57810082e+05
7.60000000e-01,1.51245883e+07,1.50149117e+07,1.46491202e+07,1.40954661e+07,1.35484512e+07,1.30485452e+07,1.24330619e+07,1.16263126e+07,1.07852212e+07,1.00069796e+07,9.12955703e+06,8.08761742e+06,7.12733621e+06,6.27941764e+06,5.23272116e+06,4.13032245e+06,3.25796919e+06,2.26093200e+06,1.30556053e+06,4.54995072e+05
7.68000000e-01,1.47427556e+07,1.46639897e+07,1.43213612e+07,1.37833901e+07,1.32553011e+07,1.27864303e+07,1.22050972e+07,1.14178760e+07,1.05846549e+07,9.82697591e+06,8.98802311e+06,7.97539840e+06,7.02359277e+06,6.18674851e+06,5.16122893e+06,4.07483981e+06,3.22166136e+06,2.24658248e+06,1.29873929e+06,4.52162068e+05
7.76000000e-01,1.43749994e+07,1.43217200e+07,1.40002826e+07,1.34786114e+07,1.29692821e+07,1.25291321e+07,1.19795014e+07,1.12110246e+07,1.03856367e+07,9.64793157e+06,8.84690840e+06,7.86367344e+06,6.92010286e+06,6.09373785e+06,5.08962679e+06,4.01969742e+06,3.18525595e+06,2.23174877e+06,1.29157703e+06,4.49252634e+05
7.84000000e-01,1.40220466e+07,1.39888320e+07,1.36866191e+07,1.31818336e+07,1.26909706e+07,1.22770357e+07,1.17565751e+07,1.10061951e+07,1.01887786e+07,9.47035747e+06,8.70635850e+06,7.75234775e+06,6.81688992e+06,6.00066998e+06,5.01829096e+06,3.96511686e+06,3.14868294e+06,2.21615453e+06,1.28384341e+06,4.46214903e+05
7.92000000e-01,1.36845359e+07,1.36660600e+07,1.33811333e+07,1.28937475e+07,1.24208902e+07,1.20304772e+07,1.15365987e+07,1.08038215e+07,9.99469274e+06,9.29476993e+06,8.56653318e+06,7.64133881e+06,6.71397285e+06,5.90780385e+06,4.94756493e+06,3.91130669e+06,3.11189766e+06,2.19957323e+06,1.27534620e+06,4.43005477e+05
8.00000000e-01,1.33630237e+07,1.33541379e+07,1.30846055e+07,1.26150254e+07,1.21595153e+07,1.17897524e+07,1.13198378e+07,1.06043310e+07,9.80397997e+06,9.12168189e+06,8.42760785e+06,7.53058554e+06,6.61137317e+06,5.81537157e+06,4.87775149e+06,3.85845602e+06,3.07488163e+06,2.18183471e+06,1.26593709e+06,4.39590774e+05
8.08000000e-01,1.30579913e+07,1.30537919e+07,1.27978212e+07,1.23463140e+07,1.19072744e+07,1.15551279e+07,1.11065507e+07,1.04081409e+07,9.61721863e+06,8.95159311e+06,8.28977305e+06,7.42005596e+06,6.50912252e+06,5.72357900e+06,4.80910735e+06,3.80672887e+06,3.03764137e+06,2.16282818e+06,1.25551497e+06,4.35947834e+05
8.16000000e-01,1.27698542e+07,1.27657337e+07,1.25215575e+07,1.20882268e+07,1.16645542e+07,1.13268510e+07,1.08969968e+07,1.02156566e+07,9.43495399e+06,8.78497986e+06,8.15323242e+06,7.30975326e+06,6.40726994e+06,5.63260824e+06,4.74184018e+06,3.75625953e+06,3.00020566e+06,2.14250221e+06,1.24402687e+06,4.32064607e+05
8.24000000e-01,1.24989713e+07,1.24906531e+07,1.22565695e+07,1.18413357e+07,1.14317027e+07,1.11051614e+07,1.06914444e+07,1.00272711e+07,9.25768885e+06,8.62228491e+06,8.01819944e+06,7.19971998e+06,6.30588840e+06,5.54262128e+06,4.67610793e+06,3.70714916e+06,2.96262180e+06,2.12086215e+06,1.23146680e+06,4.27939780e+05
8.32000000e-01,1.22456544e+07,1.22292113e+07,1.20035769e+07,1.16061638e+07,1.12090329e+07,1.08903006e+07,1.04901791e+07,9.84336358e+06,9.08587565e+06,8.46390850e+06,7.88489336e+06,7.09004030e+06,6.20508014e+06,5.45376432e+06,4.61202016e+06,3.65946368e+06,2.92495118e+06,2.09796539e+06,1.21787294e+06,4.23582197e+05
8.40000000e-01,1.20101771e+07,1.19820338e+07,1.17632516e+07,1.13831782e+07,1.09968251e+07,1.06825202e+07,1.02935096e+07,9.66430027e+06,8.91991043e+06,8.31020087e+06,7.75353501e+06,6.98084059e+06,6.10498037e+06,5.36617228e+06,4.54964087e+06,3.61323320e+06,2.88726475e+06,2.07391525e+06,1.20332337e+06,4.19009966e+05
8.48000000e-01,1.17927822e+07,1.17497049e+07,1.15362074e+07,1.11727849e+07,1.07953299e+07,1.04820885e+07,1.01017731e+07,9.49043409e+06,8.76012889e+06,8.16145675e+06,7.62434265e+06,6.87228815e+06,6.00575918e+06,5.27997294e+06,4.48899276e+06,3.56845283e+06,2.84963871e+06,2.04885380e+06,1.18793086e+06,4.14249309e+05
8.56000000e-01,1.15936875e+07,1.15327629e+07,1.13229921e+07,1.09753246e+07,1.06047696e+07,1.02892945e+07,9.91533729e+06,9.32210485e+06,8.60680450e+06,8.01791230e+06,7.49752840e+06,6.76458859e+06,5.90762148e+06,5.19529039e+06,4.43006221e+06,3.52508479e+06,2.81215077e+06,2.02295426e+06,1.17183694e+06,4.09333240e+05
8.64000000e-01,1.14130893e+07,1.13316957e+07,1.11240814e+07,1.07910712e+07,1.04253400e+07,1.01044494e+07,9.73460095e+06,9.15963916e+06,8.46014877e+06,7.87974448e+06,7.37329553e+06,6.65798180e+06,5.81080495e+06,5.11224758e+06,4.37280493e+06,3.48306185e+06,2.77487708e+06,1.99641331e+06,1.15520566e+06,4.04300135e+05
8.72000000e-01,1.12511643e+07,1.11469385e+07,1.09398767e+07,1.06202310e+07,1.02572110e+07,9.92788536e+06,9.55999131e+06,9.00334980e+06,8.32031343e+06,7.74707297e+06,7.25183665e+06,6.55273695e+06,5.71557611e+06,5.03096763e+06,4.31715181e+06,3.44229171e+06,2.73789012e+06,1.96944366e+06,1.13821721e+06,3.99192257e+05
8.80000000e-01,1.11080690e+07,1.09788715e+07,1.07707044e+07,1.04629455e+07,1.01005276e+07,9.75995258e+06,9.39195929e+06,8.85353475e+06,8.18739437e+06,7.61996447e+06,7.13333307e+06,6.44914665e+06,5.62222475e+06,4.95157415e+06,4.26301483e+06,3.40266230e+06,2.70125741e+06,1.94226703e+06,1.12106163e+06,3.94054275e+05
8.88000000e-01,1.09839368e+07,1.08278193e+07,1.06168181e+07,1.03192946e+07,9.95541013e+06,9.60101327e+06,9.23097252e+06,8.71047576e+06,8.06143715e+06,7.49843898e+06,7.01795504e+06,6.34752058e+06,5.53105699e+06,4.87419038e+06,4.21029287e+06,3.36404767e+06,2.66504104e+06,1.91510785e+06,1.10393290e+06,3.88931832e+05
8.96000000e-01,1.08788743e+07,1.06940508e+07,1.04784034e+07,1.01893019e+07,9.82195394e+06,9.45143465e+06,9.07750665e+06,8.57443652e+06,7.94244354e+06,7.38247776e+06,6.90586287e+06,6.24817875e+06,5.44238733e+06,4.79893760e+06,4.15887714e+06,3.32631422e+06,2.62929800e+06,1.88818751e+06,1.08702324e+06,3.83870180e+05
9.04000000e-01,1.07929559e+07,1.05777798e+07,1.03555830e+07,1.00729410e+07,9.70022963e+06,9.31158034e+06,8.93203535e+06,8.44566054e+06,7.83037898e+06,7.27203238e+06,6.79720872e+06,6.15144460e+06,5.35653003e+06,4.72593270e+06,4.10865640e+06,3.28932710e+06,2.59408095e+06,1.86171942e+06,1.07051799e+06,3.78912913e+05
9.12000000e-01,1.07262176e+07,1.04791661e+07,1.02484239e+07,9.97014239e+06,9.59028261e+06,9.18180124e+06,8.79501976e+06,8.32436901e+06,7.72518039e+06,7.16703439e+06,6.69213864e+06,6.05763817e+06,5.27379038e+06,4.65528556e+06,4.05952169e+06,3.25295651e+06,2.55943941e+06,1.83590461e+06,1.05459097e+06,3.74100803e+05
9.20000000e-01,1.06786512e+07,1.03983170e+07,1.01569444e+07,9.88080076e+06,9.49213282e+06,9.06242610e+06,8.66689776e+06,8.21075861e+06,7.62676413e+06,7.06740499e+06,6.59079483e+06,5.96706950e+06,5.19445608e+06,4.58709623e+06,4.01137075e+06,3.21708359e+06,2.52542109e+06,1.81092796e+06,1.03940023e+06,3.69470765e+05
9.28000000e-01,1.06501980e+07,1.03352887e+07,1.00811214e+07,9.80478188e+06,9.40577441e+06,8.95375256e+06,8.54807381e+06,8.10499958e+06,7.53503364e+06,6.97306423e+06,6.49331757e+06,5.88003235e+06,5.11878931e+06,4.52145237e+06,3.96411194e+06,3.18160586e+06,2.49207319e+06,1.78695493e+06,1.02508452e+06,3.65054949e+05
9.36000000e-01,1.06407441e+07,1.02900878e+07,1.00208969e+07,9.74192904e+06,9.33117554e+06,8.85603897e+06,8.43890969e+06,8.00723412e+06,7.44988646e+06,6.88393925e+06,6.39984681e+06,5.79679852e+06,5.04701969e+06,4.45842709e+06,3.91766781e+06,3.14644192e+06,2.45944338e+06,1.76412871e+06,1.01176011e+06,3.60879961e+05
9.44000000e-01,1.06501160e+07,1.02626723e+07,9.97618317e+06,9.69206860e+06,9.26827831e+06,8.76949743e+06,8.33971676e+06,7.91757523e+06,7.37122049e+06,6.79997111e+06,6.31052316e+06,5.71761272e+06,4.97933848e+06,4.39807745e+06,3.87197822e+06,3.11153518e+06,2.42758059e+06,1.74256780e+06,9.99518237e+05,3.56966239e+05
9.52000000e-01,1.06780784e+07,1.02529529e+07,9.94686715e+06,9.65501442e+06,9.21699879e+06,8.69428840e+06,8.25074982e+06,7.83610601e+06,7.29893902e+06,6.72112005e+06,6.22548808e+06,5.64268829e+06,4.91589421e+06,4.34044370e+06,3.82700291e+06,3.07685669e+06,2.39653515e+06,1.72236391e+06,9.88423101e+05,3.53327567e+05
9.60000000e-01,1.07243327e+07,1.02607933e+07,9.93281316e+06,9.63057105e+06,9.17722738e+06,8.63051695e+06,8.17220292e+06,7.76287954e+06,7.23295470e+06,6.64736894e+06,6.14488338e+06,5.57220380e+06,4.85678997e+06,4.28554939e+06,3.78272365e+06,3.04240689e+06,2.36635858e+06,1.70358028e+06,9.78510429e+05,3.49970754e+05
9.68000000e-01,1.07885175e+07,1.02860105e+07,9.93386397e+06,9.61853566e+06,9.14882931e+06,8.57823083e+06,8.10420711e+06,7.69791918e+06,7.17319202e+06,6.57872477e+06,6.06884996e+06,5.50630054e+06,4.80208222e+06,4.23340217e+06,3.73914577e+06,3.00821610e+06,2.33710284e+06,1.68625043e+06,9.69786668e+05,3.46895472e+05
9.76000000e-01,1.08702108e+07,1.03283746e+07,9.94984054e+06,9.61869869e+06,9.13164546e+06,8.53742027e+06,8.04682998e+06,7.64121936e+06,7.11958859e+06,6.51521847e+06,5.99752590e+06,5.44508105e+06,4.75178129e+06,4.18399540e+06,3.69629897e+06,2.97434410e+06,2.30881915e+06,1.67037742e+06,9.62228853e+05,3.44094281e+05
9.84000000e-01,1.09689326e+07,1.03876081e+07,9.98054033e+06,9.63084348e+06,9.12549333e+06,8.50801939e+06,8.00007707e+06,7.59274663e+06,7.07209507e+06,6.45690288e+06,5.93104397e+06,5.38860872e+06,4.70585341e+06,4.13731033e+06,3.65423756e+06,2.94087838e+06,2.28155648e+06,1.65593370e+06,9.55785178e+05,3.41552819e+05
9.92000000e-01,1.10841498e+07,1.04633857e+07,1.00257347e+07,9.65474491e+06,9.13016831e+06,8.48990903e+06,7.96389466e+06,7.55244099e+06,7.03067389e+06,6.40384944e+06,5.86952898e+06,5.33690836e+06,4.66422399e+06,4.09331860e+06,3.61303974e+06,2.90793158e+06,2.25535986e+06,1.64286166e+06,9.50376318e+05,3.39250192e+05
1.00000000e+00,1.12152808e+07,1.05553332e+07,1.00851655e+07,9.69016735e+06,9.14544508e+06,8.48292077e+06,7.93817375e+06,7.52021741e+06,6.99529697e+06,6.35614357e+06,5.81309476e+06,5.28996783e+06,4.62678211e+06,4.05198501e+06,3.57280624e+06,2.87563796e+06,2.23026869e+06,1.63107495e+06,9.45897525e+05,3.37159543e+05
1.00800000e+00,1.13617017e+07,1.06630265e+07,1.01585411e+07,9.73686216e+06,9.17107909e+06,8.48684169e+06,7.92275493e+06,7.49596725e+06,6.96594260e+06,6.31387939e+06,5.76184138e+06,5.24774044e+06,4.59338583e+06,4.01327024e+06,3.53365798e+06,2.84414909e+06,2.20631506e+06,1.62046068e+06,9.42221480e+05,3.35248805e+05
1.01600000e+00,1.15227514e+07,1.07859915e+07,1.02455324e+07,9.79456496e+06,9.20680818e+06,8.50141970e+06,7.91743381e+06,7.47955973e+06,6.94259172e+06,6.27715377e+06,5.71585251e+06,5.21014834e+06,4.56386809e+06,3.97713334e+06,3.49573305e+06,2.81362905e+06,2.18352244e+06,1.61088242e+06,9.39201897e+05,3.33481619e+05
1.02400000e+00,1.16977379e+07,1.09237034e+07,1.03457694e+07,9.86299286e+06,9.25235412e+06,8.52636910e+06,7.92196658e+06,7.47084327e+06,6.92522378e+06,6.24606034e+06,5.67519317e+06,5.17708638e+06,4.53804294e+06,3.94353389e+06,3.45918285e+06,2.78424915e+06,2.16190466e+06,1.60218421e+06,9.36677778e+05,3.31818411e+05
1.03200000e+00,1.18859436e+07,1.10755869e+07,1.04588377e+07,9.94184200e+06,9.30742407e+06,8.56137595e+06,7.93607550e+06,7.46964664e+06,6.91381250e+06,6.22068363e+06,5.63990795e+06,5.14842655e+06,4.51571180e+06,3.91243360e+06,3.42416766e+06,2.75618255e+06,2.14146543e+06,1.59419516e+06,9.34478258e+05,3.30217575e+05
1.04000000e+00,1.20866298e+07,1.12410165e+07,1.05842763e+07,1.00307853e+07,9.37171195e+06,8.60610313e+06,7.95945418e+06,7.47577994e+06,6.90832168e+06,6.20109354e+06,5.61001985e+06,5.12402274e+06,4.49666946e+06,3.88379731e+06,3.39085166e+06,2.72959880e+06,2.12219829e+06,1.58673495e+06,9.32427869e+05,3.28636761e+05
1.04800000e+00,1.22990410e+07,1.14193179e+07,1.07215761e+07,1.01294710e+07,9.44489951e+06,8.66019478e+06,7.99177220e+06,7.48903549e+06,6.90870132e+06,6.18734052e+06,5.58552964e+06,5.10371557e+06,4.48070974e+06,3.85759345e+06,3.35939766e+06,2.70465858e+06,2.10408716e+06,1.57961961e+06,9.30352071e+05,3.27034195e+05
1.05600000e+00,1.25224084e+07,1.16097692e+07,1.08701794e+07,1.02375212e+07,9.52665719e+06,8.72328010e+06,8.03267926e+06,7.50918849e+06,6.91488420e+06,6.17945148e+06,5.56641578e+06,5.08733717e+06,4.46763047e+06,3.83379382e+06,3.32996168e+06,2.68150881e+06,2.08710733e+06,1.57266778e+06,9.28082857e+05,3.25370008e+05
1.06400000e+00,1.27559520e+07,1.18116034e+07,1.10294807e+07,1.03545317e+07,9.61664465e+06,8.79497621e+06,8.08180850e+06,7.53599769e+06,6.92678302e+06,6.17742653e+06,5.55263482e+06,5.07471571e+06,4.45723784e+06,3.81237291e+06,3.30268760e+06,2.66027828e+06,2.07122679e+06,1.56570689e+06,9.25464213e+05,3.23607519e+05
1.07200000e+00,1.29988824e+07,1.20240113e+07,1.11988288e+07,1.04800717e+07,9.71451099e+06,8.87489026e+06,8.13877931e+06,7.56920605e+06,6.94428828e+06,6.18123668e+06,5.54412219e+06,5.06567950e+06,4.44934987e+06,3.79330678e+06,3.27770219e+06,2.64107379e+06,2.05640800e+06,1.55857912e+06,9.22357232e+05,3.21714412e+05
1.08000000e+00,1.32504016e+07,1.22461444e+07,1.13775289e+07,1.06136848e+07,9.81989462e+06,8.96262064e+06,8.20319930e+06,7.60854135e+06,6.96726685e+06,6.19082232e+06,5.54079328e+06,5.06006055e+06,4.44379912e+06,3.77657170e+06,3.25511054e+06,2.62397721e+06,2.04260966e+06,1.55114692e+06,9.18644659e+05,3.19663785e+05
1.08800000e+00,1.35097033e+07,1.24771195e+07,1.15648474e+07,1.07548900e+07,9.93242287e+06,9.05775746e+06,8.27466587e+06,7.65371706e+06,6.99556135e+06,6.20609263e+06,5.54254462e+06,5.05769739e+06,4.44043455e+06,3.76214259e+06,3.23499235e+06,2.60904311e+06,2.02978862e+06,1.54329773e+06,9.14234691e+05,3.17435001e+05
1.09600000e+00,1.37759724e+07,1.27160222e+07,1.17600155e+07,1.09031827e+07,1.00517112e+07,9.15988236e+06,8.35276721e+06,7.70443326e+06,7.02899027e+06,6.22692562e+06,5.54925516e+06,5.05843724e+06,4.43912250e+06,3.74999160e+06,3.21739894e+06,2.59629738e+06,2.01790164e+06,1.53494772e+06,9.09063863e+05,3.15014333e+05
1.10400000e+00,1.40483844e+07,1.29619119e+07,1.19622346e+07,1.10580369e+07,1.01773623e+07,9.26856776e+06,8.43708299e+06,7.76037785e+06,7.06734874e+06,6.25316882e+06,5.56078735e+06,5.06213728e+06,4.43974713e+06,3.74008672e+06,3.20235135e+06,2.58573663e+06,2.00690691e+06,1.52604439e+06,9.03098904e+05,3.12395359e+05
1.11200000e+00,1.43261042e+07,1.32138268e+07,1.21706820e+07,1.12189071e+07,1.03089651e+07,9.38337581e+06,8.52718486e+06,7.82122790e+06,7.11040994e+06,6.28464050e+06,5.57698818e+06,5.06866518e+06,4.44220997e+06,3.73239074e+06,3.18983945e+06,2.57732838e+06,1.99676527e+06,1.51656795e+06,8.96337490e+05,3.09579099e+05
1.12000000e+00,1.46082858e+07,1.34707883e+07,1.23845164e+07,1.13852299e+07,1.04460929e+07,9.50385699e+06,8.62263677e+06,7.88665132e+06,7.15792709e+06,6.32113125e+06,5.59768986e+06,5.07789880e+06,4.44642908e+06,3.72686054e+06,3.17982217e+06,2.57101206e+06,1.98744101e+06,1.50653124e+06,8.88807863e+05,3.06573891e+05
1.12800000e+00,1.48940704e+07,1.37318067e+07,1.26028833e+07,1.15564265e+07,1.05883032e+07,9.62954880e+06,8.72299533e+06,7.95630866e+06,7.20963573e+06,6.36240581e+06,5.62271035e+06,5.08972525e+06,4.45233768e+06,3.72344678e+06,3.17222877e+06,2.56670070e+06,1.97890223e+06,1.49597850e+06,8.80567345e+05,3.03395012e+05
1.13600000e+00,1.51825868e+07,1.39958854e+07,1.28249208e+07,1.17319040e+07,1.07351353e+07,9.75997436e+06,8.82781023e+06,8.02985512e+06,7.26525637e+06,6.40820513e+06,5.65185357e+06,5.10403925e+06,4.45988235e+06,3.72209397e+06,3.16696103e+06,2.56428329e+06,1.97112078e+06,1.48498278e+06,8.71699833e+05,3.00064065e+05
1.14400000e+00,1.54729502e+07,1.42620264e+07,1.30497650e+07,1.19110579e+07,1.08861101e+07,9.89464134e+06,8.93662474e+06,8.10694261e+06,7.32449732e+06,6.45824853e+06,5.68490943e+06,5.12074106e+06,4.46902097e+06,3.72274095e+06,3.16389639e+06,2.56362760e+06,1.96407178e+06,1.47364232e+06,8.62312376e+05,2.96608152e+05
1.15200000e+00,1.57642628e+07,1.45292343e+07,1.32765543e+07,1.20932734e+07,1.10407287e+07,1.00330411e+07,9.04897639e+06,8.18722186e+06,7.38705752e+06,6.51223586e+06,5.72165370e+06,5.13973401e+06,4.47972049e+06,3.72532162e+06,3.16289170e+06,2.56458347e+06,1.95773278e+06,1.46207596e+06,8.52531020e+05,2.93058889e+05
1.16000000e+00,1.60556141e+07,1.47965209e+07,1.35044342e+07,1.22779272e+07,1.11984721e+07,1.01746482e+07,9.16439780e+06,8.27034448e+06,7.45262932e+06,6.56984977e+06,5.76184782e+06,5.16092182e+06,4.49195451e+06,3.72976600e+06,3.16378747e+06,2.56698640e+06,1.95208273e+06,1.45041794e+06,8.42496085e+05,2.89451276e+05
1.16800000e+00,1.63460817e+07,1.50629090e+07,1.37325610e+07,1.24643886e+07,1.13588011e+07,1.03189206e+07,9.28241758e+06,8.35596481e+06,7.52090114e+06,6.63075788e+06,5.80523872e+06,5.18420586e+06,4.50570076e+06,3.73600125e+06,3.16641244e+06,2.57066132e+06,1.94710066e+06,1.43881220e+06,8.32357094e+05,2.85822505e+05
1.17600000e+00,1.66347333e+07,1.53274362e+07,1.39601049e+07,1.26520213e+07,1.15211562e+07,1.04652998e+07,9.40256146e+06,8.44374155e+06,7.59155982e+06,6.69461502e+06,5.85155888e+06,5.20948253e+06,4.52093867e+06,3.74395284e+06,3.17058825e+06,2.57542645e+06,1.94276448e+06,1.42740661e+06,8.22267560e+05,2.82210719e+05
1.18400000e+00,1.69206279e+07,1.55891577e+07,1.41862528e+07,1.28401843e+07,1.16849584e+07,1.06132121e+07,9.52435334e+06,8.53333913e+06,7.66429270e+06,6.76106539e+06,5.90052650e+06,5.23664078e+06,4.53764686e+06,3.75354556e+06,3.17613394e+06,2.58109709e+06,1.93904969e+06,1.41634720e+06,8.12379853e+05,2.78653799e+05
1.19200000e+00,1.72028189e+07,1.58471494e+07,1.44102105e+07,1.30282334e+07,1.18496107e+07,1.07620699e+07,9.64731650e+06,8.62442856e+06,7.73878932e+06,6.82974477e+06,5.95184609e+06,5.26556008e+06,4.55580080e+06,3.76470427e+06,3.18287019e+06,2.58748931e+06,1.93592830e+06,1.40577281e+06,8.02840324e+05,2.75188202e+05
1.20000000e+00,1.74803563e+07,1.61005101e+07,1.46312043e+07,1.32155224e+07,1.20144992e+07,1.09112737e+07,9.77097470e+06,8.71668799e+06,7.81474265e+06,6.90028265e+06,6.00520939e+06,5.29610877e+06,4.57537057e+06,3.77735444e+06,3.19062303e+06,2.59442337e+06,1.93336805e+06,1.39581027e+06,7.93784874e+05,2.71847904e+05
1.20800000e+00,1.77522902e+07,1.63483638e+07,1.48484822e+07,1.34014043e+07,1.21789959e+07,1.10602144e+07,9.89485325e+06,8.80980270e+06,7.89185001e+06,6.97230444e+06,6.06029680e+06,5.32814294e+06,4.59631880e+06,3.79142231e+06,3.19922705e+06,2.60172689e+06,1.93133181e+06,1.38657028e+06,7.85335111e+05,2.68663473e+05
1.21600000e+00,1.80176737e+07,1.65898607e+07,1.50613144e+07,1.35852325e+07,1.23424606e+07,1.12082758e+07,1.00184801e+07,8.90346473e+06,7.96981341e+06,7.04543360e+06,6.11677915e+06,5.36150589e+06,4.61859877e+06,3.80683465e+06,3.20852783e+06,2.60923750e+06,1.92977748e+06,1.37814417e+06,7.77595194e+05,2.65661304e+05
1.22400000e+00,1.82755669e+07,1.68241793e+07,1.52689940e+07,1.37663627e+07,1.25042447e+07,1.13548381e+07,1.01413866e+07,8.99737201e+06,8.04833966e+06,7.11929377e+06,6.17432003e+06,5.39602818e+06,4.64215283e+06,3.82351817e+06,3.21838371e+06,2.61680527e+06,1.92865809e+06,1.37060164e+06,7.70649443e+05,2.62863018e+05
1.23200000e+00,1.85250403e+07,1.70505265e+07,1.54708371e+07,1.39441537e+07,1.26636939e+07,1.14992807e+07,1.02631085e+07,9.09122718e+06,8.12713996e+06,7.19351083e+06,6.23257836e+06,5.43152819e+06,4.66691100e+06,3.84139858e+06,3.22866669e+06,2.62429445e+06,1.92792238e+06,1.36398936e+06,7.64560755e+05,2.60285060e+05
1.24000000e+00,1.87651791e+07,1.72681392e+07,1.56661821e+07,1.41179694e+07,1.28201524e+07,1.16409862e+07,1.03831867e+07,9.18473604e+06,8.20592921e+06,7.26771491e+06,6.29121142e+06,5.46781331e+06,4.69278993e+06,3.86039931e+06,3.23926279e+06,2.63158489e+06,1.92751562e+06,1.35833058e+06,7.59369801e+05,2.57938473e+05
1.24800000e+00,1.89950867e+07,1.74762839e+07,1.58543901e+07,1.42871803e+07,1.29729667e+07,1.17793436e+07,1.05011680e+07,9.27760584e+06,8.28442513e+06,7.34154229e+06,6.34987793e+06,5.50468149e+06,4.71969217e+06,3.88044006e+06,3.25007156e+06,2.63857291e+06,1.92738073e+06,1.35362561e+06,7.55094992e+05,2.55828844e+05
1.25600000e+00,1.92138887e+07,1.76742579e+07,1.60348437e+07,1.44511650e+07,1.31214894e+07,1.19137523e+07,1.06166056e+07,9.36954344e+06,8.36234708e+06,7.41463711e+06,6.40824142e+06,5.54192324e+06,4.74750573e+06,3.90143522e+06,3.26100514e+06,2.64517169e+06,1.92745954e+06,1.34985308e+06,7.51733137e+05,2.53956428e+05
1.26400000e+00,1.94207370e+07,1.78613886e+07,1.62069469e+07,1.46093119e+07,1.32650832e+07,1.20436256e+07,1.07290600e+07,9.46025342e+06,8.43941482e+06,7.48665293e+06,6.46597344e+06,5.57932390e+06,4.77610400e+06,3.92329222e+06,3.27198682e+06,2.65131124e+06,1.92769422e+06,1.34697181e+06,7.49260700e+05,2.52316407e+05
1.27200000e+00,1.96148134e+07,1.80370343e+07,1.63701243e+07,1.47610207e+07,1.34031253e+07,1.21683947e+07,1.08380994e+07,9.54943637e+06,8.51534724e+06,7.55725414e+06,6.52275670e+06,5.61666606e+06,4.80534605e+06,3.94591000e+06,3.28294919e+06,2.65693794e+06,1.92802870e+06,1.34492321e+06,7.47635561e+05,2.50899276e+05
1.28000000e+00,1.97953337e+07,1.82005839e+07,1.65238203e+07,1.49057045e+07,1.35350111e+07,1.22875116e+07,1.09433012e+07,9.63678732e+06,8.58986117e+06,7.62611699e+06,6.57828801e+06,5.65373211e+06,4.83507720e+06,3.96917771e+06,3.29383222e+06,2.66201369e+06,1.92841003e+06,1.34363410e+06,7.46799169e+05,2.49691322e+05
1.28800000e+00,1.99615506e+07,1.83514571e+07,1.66674991e+07,1.50427905e+07,1.36601572e+07,1.24004530e+07,1.10442519e+07,9.72199451e+06,8.66267023e+06,7.69293058e+06,6.63228075e+06,5.69030671e+06,4.86512994e+06,3.99297355e+06,3.30458111e+06,2.66651483e+06,1.92878961e+06,1.34301960e+06,7.46678961e+05,2.48675187e+05
1.29600000e+00,2.01127575e+07,1.84891045e+07,1.68006438e+07,1.51717224e+07,1.37780057e+07,1.25067227e+07,1.11405489e+07,9.80473851e+06,8.73348398e+06,7.75739738e+06,6.68446702e+06,5.72617911e+06,4.89532512e+06,4.01716414e+06,3.31514427e+06,2.67043067e+06,1.92912424e+06,1.34298618e+06,7.47190936e+05,2.47830466e+05
1.30400000e+00,2.02482916e+07,1.86130076e+07,1.69227562e+07,1.52919611e+07,1.38880262e+07,1.26058548e+07,1.12318012e+07,9.88469182e+06,8.80200728e+06,7.81923370e+06,6.73459921e+06,5.76114526e+06,4.92547343e+06,4.04160417e+06,3.32547138e+06,2.67376197e+06,1.92937688e+06,1.34343460e+06,7.48242288e+05,2.47134335e+05
1.31200000e+00,2.03675363e+07,1.87226796e+07,1.70333573e+07,1.54029867e+07,1.39897188e+07,1.26974156e+07,1.13176302e+07,9.96151895e+06,8.86794007e+06,7.87816980e+06,6.78245109e+06,5.79500967e+06,4.95537703e+06,4.06613657e+06,3.33551174e+06,2.67651914e+06,1.92951713e+06,1.34426265e+06,7.49733988e+05,2.46562177e+05
1.32000000e+00,2.04699242e+07,1.88176652e+07,1.71319870e+07,1.55042993e+07,1.40826161e+07,1.27810055e+07,1.13976716e+07,1.00348770e+07,8.93097738e+06,7.93394990e+06,6.82781823e+06,5.82758682e+06,4.98483144e+06,4.09059309e+06,3.34521287e+06,2.67872047e+06,1.92952142e+06,1.34536762e+06,7.51563262e+05,2.46088195e+05
1.32800000e+00,2.05549386e+07,1.88975417e+07,1.72182048e+07,1.55954204e+07,1.41662843e+07,1.28562605e+07,1.14715762e+07,1.01044166e+07,8.99080992e+06,7.98633193e+06,6.87051797e+06,5.85870223e+06,5.01362743e+06,4.11479542e+06,3.35451947e+06,2.68039028e+06,1.92937286e+06,1.34664848e+06,7.53625869e+05,2.45685990e+05
1.33600000e+00,2.06221156e+07,1.89619197e+07,1.72915908e+07,1.56758944e+07,1.42403251e+07,1.29228528e+07,1.15390111e+07,1.01697838e+07,9.04712492e+06,8.03508730e+06,6.91038879e+06,5.88819311e+06,5.04155307e+06,4.13855662e+06,3.36337276e+06,2.68155709e+06,1.92906082e+06,1.34800762e+06,7.55818174e+05,2.45329093e+05
1.34400000e+00,2.06710454e+07,1.90104439e+07,1.73517468e+07,1.57452895e+07,1.43043755e+07,1.29804913e+07,1.15996609e+07,1.02306219e+07,9.09960754e+06,8.08000043e+06,6.94728924e+06,5.91590861e+06,5.06839576e+06,4.16168302e+06,3.37171018e+06,2.68225187e+06,1.92858021e+06,1.34935227e+06,7.58038953e+05,2.44991453e+05
1.35200000e+00,2.07013728e+07,1.90427941e+07,1.73982977e+07,1.58031993e+07,1.43581084e+07,1.30289214e+07,1.16532292e+07,1.02865738e+07,9.14794254e+06,8.12086839e+06,6.98109640e+06,5.94170964e+06,5.09394421e+06,4.18397635e+06,3.37946546e+06,2.68250639e+06,1.92793059e+06,1.35059553e+06,7.60190956e+05,2.44647863e+05
1.36000000e+00,2.07127980e+07,1.90586867e+07,1.74308933e+07,1.58492436e+07,1.44012323e+07,1.30679244e+07,1.16994390e+07,1.03372848e+07,9.19181642e+06,8.15750049e+06,7.01170408e+06,5.96546837e+06,5.11799037e+06,4.20523617e+06,3.38656894e+06,2.68235168e+06,1.92711508e+06,1.35165701e+06,7.62182188e+05,2.44274332e+05
1.36800000e+00,2.07050765e+07,1.90578758e+07,1.74492106e+07,1.58830700e+07,1.44334908e+07,1.30973163e+07,1.17380340e+07,1.03824056e+07,9.23091982e+06,8.18971792e+06,7.03902070e+06,5.98706739e+06,5.14033122e+06,4.22526237e+06,3.39294831e+06,2.68181669e+06,1.92613913e+06,1.35246328e+06,7.63926967e+05,2.43848398e+05
1.37600000e+00,2.06780187e+07,1.90401545e+07,1.74529557e+07,1.59043551e+07,1.44546612e+07,1.31169464e+07,1.17687793e+07,1.04215956e+07,9.26495017e+06,8.21735348e+06,7.06296709e+06,6.00639867e+06,5.16077044e+06,4.24385784e+06,3.39852936e+06,2.68092706e+06,1.92500925e+06,1.35294791e+06,7.65346734e+05,2.43349390e+05
1.38400000e+00,2.06314891e+07,1.90053566e+07,1.74418669e+07,1.59128059e+07,1.44645543e+07,1.31266953e+07,1.17914616e+07,1.04545259e+07,9.29361458e+06,8.24025142e+06,7.08347417e+06,6.02336229e+06,5.17911988e+06,4.26083102e+06,3.40323711e+06,2.67970407e+06,1.92373176e+06,1.35305151e+06,7.66370685e+05,2.42758640e+05
1.39200000e+00,2.05654058e+07,1.89533580e+07,1.74157167e+07,1.59081612e+07,1.44630123e+07,1.31264733e+07,1.18058900e+07,1.04808823e+07,9.31663273e+06,8.25826740e+06,7.10048063e+06,6.03786511e+06,5.19520087e+06,4.27599840e+06,3.40699681e+06,2.67816383e+06,1.92231157e+06,1.35272140e+06,7.66936220e+05,2.42059653e+05
1.40000000e+00,2.04797385e+07,1.88840777e+07,1.73743146e+07,1.58901925e+07,1.44499077e+07,1.31162173e+07,1.18118956e+07,1.05003691e+07,9.33373989e+06,8.27126848e+06,7.11393085e+06,6.04981933e+06,5.20884534e+06,4.28918686e+06,3.40973516e+06,2.67631656e+06,1.92075103e+06,1.35191142e+06,7.66989253e+05,2.41238229e+05
1.40800000e+00,2.03745077e+07,1.87974794e+07,1.73175099e+07,1.58587064e+07,1.44251421e+07,1.30958894e+07,1.18093321e+07,1.05127111e+07,9.34468979e+06,8.27913336e+06,7.12377282e+06,6.05914117e+06,5.21989674e+06,4.30023579e+06,3.41138138e+06,2.67416607e+06,1.91904899e+06,1.35058152e+06,7.66484413e+05,2.40282563e+05
1.41600000e+00,2.02497830e+07,1.86935722e+07,1.72451939e+07,1.58135445e+07,1.43886446e+07,1.30654740e+07,1.17980754e+07,1.05176571e+07,9.34925739e+06,8.28175258e+06,7.12995639e+06,6.06574961e+06,5.22821084e+06,4.30899889e+06,3.41186825e+06,2.67170943e+06,1.91719993e+06,1.34869747e+06,7.65385150e+05,2.39183304e+05
1.42400000e+00,2.01056811e+07,1.85724122e+07,1.71573021e+07,1.57545859e+07,1.43403707e+07,1.30249755e+07,1.17780233e+07,1.05149818e+07,9.34724140e+06,8.27902885e+06,7.13243184e+06,6.06956526e+06,5.23365626e+06,4.31534574e+06,3.41113303e+06,2.66893673e+06,1.91519335e+06,1.34623053e+06,7.63663771e+05,2.37933595e+05
1.43200000e+00,1.99423651e+07,1.84341020e+07,1.70538163e+07,1.56817476e+07,1.42803009e+07,1.29744166e+07,1.17490952e+07,1.05044879e+07,9.33846648e+06,8.27087739e+06,7.13114863e+06,6.07050950e+06,5.23611498e+06,4.31916301e+06,3.40911820e+06,2.66583100e+06,1.91301336e+06,1.34315718e+06,7.61301412e+05,2.36529085e+05
1.44000000e+00,1.97600421e+07,1.82787923e+07,1.69347658e+07,1.55949854e+07,1.42084401e+07,1.29138362e+07,1.17112318e+07,1.04860082e+07,9.32278514e+06,8.25722634e+06,7.12605460e+06,6.06850382e+06,5.23548260e+06,4.32035526e+06,3.40577207e+06,2.66236822e+06,1.91063839e+06,1.33945897e+06,7.58287975e+05,2.34967921e+05
1.44800000e+00,1.95589625e+07,1.81066809e+07,1.68002289e+07,1.54942952e+07,1.41248167e+07,1.28432881e+07,1.16643950e+07,1.04594062e+07,9.30007919e+06,8.23801706e+06,7.11709548e+06,6.06346942e+06,5.23166861e+06,4.31884556e+06,3.40104916e+06,2.65851753e+06,1.90804120e+06,1.33512235e+06,7.54622003e+05,2.33250720e+05
1.45600000e+00,1.93394183e+07,1.79180130e+07,1.66503333e+07,1.53797133e+07,1.40294821e+07,1.27628394e+07,1.16085670e+07,1.04245774e+07,9.27026077e+06,8.21320447e+06,7.10421469e+06,6.05532717e+06,5.22459648e+06,4.31457562e+06,3.39491045e+06,2.65424139e+06,1.90518901e+06,1.33013864e+06,7.50310519e+05,2.31380516e+05
1.46400000e+00,1.91017425e+07,1.77130805e+07,1.64852560e+07,1.52513166e+07,1.39225105e+07,1.26725704e+07,1.15437503e+07,1.03814499e+07,9.23327292e+06,8.18275730e+06,7.08735353e+06,6.04399774e+06,5.21420370e+06,4.30750571e+06,3.38732335e+06,2.64949596e+06,1.90204386e+06,1.32450395e+06,7.45368814e+05,2.29362691e+05
1.47200000e+00,1.88463081e+07,1.74922209e+07,1.63052233e+07,1.51092232e+07,1.38039989e+07,1.25725736e+07,1.14699677e+07,1.03299841e+07,9.18908969e+06,8.14665826e+06,7.06645161e+06,6.02940214e+06,5.20044179e+06,4.29761423e+06,3.37826163e+06,2.64423152e+06,1.89856304e+06,1.31821929e+06,7.39820178e+05,2.27204885e+05
1.48000000e+00,1.85735275e+07,1.72558162e+07,1.61105098e+07,1.49535917e+07,1.36740670e+07,1.24629539e+07,1.13872614e+07,1.02701726e+07,9.13771581e+06,8.10490409e+06,7.04144767e+06,6.01146242e+06,5.18327617e+06,4.28489708e+06,3.36770508e+06,2.63839293e+06,1.89469977e+06,1.31129054e+06,7.33695570e+05,2.24916876e+05
1.48800000e+00,1.82838519e+07,1.70042913e+07,1.59014366e+07,1.47846215e+07,1.35328582e+07,1.23438292e+07,1.12956940e+07,1.02020397e+07,9.07918594e+06,8.05750560e+06,7.01228045e+06,5.99010265e+06,5.16268607e+06,4.26936674e+06,3.35563913e+06,2.63192021e+06,1.89040388e+06,1.30372849e+06,7.27033213e+05,2.22510447e+05
1.49600000e+00,1.79777715e+07,1.67381120e+07,1.56783702e+07,1.46025519e+07,1.33805395e+07,1.22153308e+07,1.11953473e+07,1.01256403e+07,9.01356358e+06,8.00448750e+06,6.97889001e+06,5.96525007e+06,5.13866435e+06,4.25105116e+06,3.34205433e+06,2.62474920e+06,1.88562264e+06,1.29554886e+06,7.19878120e+05,2.19999218e+05
1.50400000e+00,1.76558148e+07,1.64577832e+07,1.54417194e+07,1.44076610e+07,1.32173026e+07,1.20776042e+07,1.10863231e+07,1.00410588e+07,8.94093954e+06,7.94588830e+06,6.94121901e+06,5.93683642e+06,5.11121722e+06,4.22999250e+06,3.32694578e+06,2.61681226e+06,1.88030167e+06,1.28677227e+06,7.12281521e+05,2.17398464e+05
1.51200000e+00,1.73185487e+07,1.61638466e+07,1.51919336e+07,1.42002653e+07,1.30433644e+07,1.19308107e+07,1.09687431e+07,9.94840757e+06,8.86143030e+06,7.88176000e+06,6.89921425e+06,5.90479936e+06,5.08036395e+06,4.20624576e+06,3.31031251e+06,2.60803906e+06,1.87438584e+06,1.27742414e+06,7.04300221e+05,2.14724901e+05
1.52000000e+00,1.69665787e+07,1.58568781e+07,1.49294995e+07,1.39807183e+07,1.28589679e+07,1.17751284e+07,1.08427491e+07,9.84782559e+06,8.77517601e+06,7.81216780e+06,6.85282825e+06,5.86908393e+06,5.04613651e+06,4.17987722e+06,3.29215690e+06,2.59835744e+06,1.86782026e+06,1.26753451e+06,6.95995851e+05,2.11996451e+05
1.52800000e+00,1.66005481e+07,1.55374856e+07,1.46549381e+07,1.37494088e+07,1.26643826e+07,1.16107535e+07,1.07085026e+07,9.73947650e+06,8.68233847e+06,7.73718981e+06,6.80202090e+06,5.82964404e+06,5.00857910e+06,4.15096295e+06,3.27248402e+06,2.58769433e+06,1.86055118e+06,1.25713781e+06,6.87434039e+05,2.09231987e+05
1.53600000e+00,1.62211386e+07,1.52063060e+07,1.43688022e+07,1.35067600e+07,1.24599058e+07,1.14379021e+07,1.05661855e+07,9.62354688e+06,8.58309893e+06,7.65691667e+06,6.74676109e+06,5.78644390e+06,4.96774762e+06,4.11958712e+06,3.25130118e+06,2.57597675e+06,1.85252703e+06,1.24627254e+06,6.78683499e+05,2.06451051e+05
1.54400000e+00,1.58290692e+07,1.48640031e+07,1.40716724e+07,1.32532275e+07,1.22458625e+07,1.12568106e+07,1.04159998e+07,9.50024441e+06,8.47765596e+06,7.57145124e+06,6.68702832e+06,5.73945938e+06,4.92370906e+06,4.08584047e+06,3.22861738e+06,2.56313287e+06,1.84369924e+06,1.23498076e+06,6.69815035e+05,2.03673566e+05
1.55200000e+00,1.54250960e+07,1.45112649e+07,1.37641553e+07,1.29892980e+07,1.20226060e+07,1.10677379e+07,1.02581675e+07,9.36979603e+06,8.36622334e+06,7.48090826e+06,6.62281429e+06,5.68867923e+06,4.87654078e+06,4.04981869e+06,3.20444296e+06,2.54909307e+06,1.83402319e+06,1.22330765e+06,6.60900484e+05,2.00919525e+05
1.56000000e+00,1.50100111e+07,1.41488009e+07,1.34468795e+07,1.27154872e+07,1.17905182e+07,1.08709652e+07,1.00929305e+07,9.23244611e+06,8.24902803e+06,7.38541413e+06,6.55412428e+06,5.63410611e+06,4.82632972e+06,4.01162087e+06,3.17878935e+06,2.53379110e+06,1.82345898e+06,1.21130082e+06,6.52011605e+05,1.98208669e+05
1.56800000e+00,1.45846419e+07,1.37773403e+07,1.31204934e+07,1.24323386e+07,1.15500091e+07,1.06667974e+07,9.92055045e+06,9.08845476e+06,8.12630834e+06,7.28510658e+06,6.48097854e+06,5.57575750e+06,4.77317155e+06,3.97134811e+06,3.15166886e+06,2.51716524e+06,1.81197215e+06,1.19900965e+06,6.43218931e+05,1.95560171e+05
1.57600000e+00,1.41498489e+07,1.33976290e+07,1.27856630e+07,1.21404212e+07,1.13015168e+07,1.04555632e+07,9.74130813e+06,8.93809617e+06,7.99831219e+06,7.18013455e+06,6.40341336e+06,5.51366630e+06,4.71716971e+06,3.92910211e+06,3.12309468e+06,2.49915940e+06,1.79953436e+06,1.18648446e+06,6.34590593e+05,1.92992308e+05
1.58400000e+00,1.37065248e+07,1.30104281e+07,1.24430688e+07,1.18403283e+07,1.10455068e+07,1.02376150e+07,9.55550310e+06,8.78165719e+06,7.86529569e+06,7.07065799e+06,6.32148206e+06,5.44788127e+06,4.65843445e+06,3.88498400e+06,3.09308096e+06,2.47972433e+06,1.78612393e+06,1.17377574e+06,6.26191161e+05,1.90522148e+05
1.59200000e+00,1.32555915e+07,1.26165119e+07,1.20934045e+07,1.15326752e+07,1.07824710e+07,1.00133287e+07,9.36345309e+06,8.61943593e+06,7.72752184e+06,6.95684770e+06,6.23525575e+06,5.37846723e+06,4.59708178e+06,3.83909325e+06,3.06164299e+06,2.45881868e+06,1.77172625e+06,1.16093320e+06,6.18080490e+05,1.88165241e+05
1.60000000e+00,1.27979985e+07,1.22166657e+07,1.17373753e+07,1.12180980e+07,1.05129264e+07,9.78310307e+06,9.16549318e+06,8.45174064e+06,7.58525950e+06,6.83888526e+06,6.14482383e+06,5.30550498e+06,4.53323248e+06,3.79152674e+06,3.02879750e+06,2.43641003e+06,1.75633415e+06,1.14800492e+06,6.10312629e+05,1.85935335e+05
1.60800000e+00,1.23347198e+07,1.18116847e+07,1.13756956e+07,1.08972514e+07,1.02374136e+07,9.54735876e+06,8.96197509e+06,8.27888867e+06,7.43878258e+06,6.71696287e+06,6.05029425e+06,5.22909108e+06,4.46701105e+06,3.74237807e+06,2.99456308e+06,2.41247584e+06,1.73994806e+06,1.13503640e+06,6.02934786e+05,1.83844108e+05
1.61600000e+00,1.18667508e+07,1.14023722e+07,1.10090886e+07,1.05708071e+07,9.95649534e+06,9.30653696e+06,8.75326618e+06,8.10120569e+06,7.28836943e+06,6.59128319e+06,5.95179359e+06,5.14933733e+06,4.39854476e+06,3.69173695e+06,2.95896060e+06,2.38700430e+06,1.72257611e+06,1.12206971e+06,5.95986395e+05,1.81900941e+05
1.62400000e+00,1.13951054e+07,1.09895382e+07,1.06382848e+07,1.02394521e+07,9.67075410e+06,9.06109796e+06,8.53974856e+06,7.91902499e+06,7.13430239e+06,6.46205924e+06,5.84946681e+06,5.06637014e+06,4.32796272e+06,3.63968888e+06,2.92201377e+06,2.35999501e+06,1.70423407e+06,1.10914261e+06,5.89498301e+05,1.80112712e+05
1.63200000e+00,1.09208126e+07,1.05739983e+07,1.02640211e+07,9.90388691e+06,9.38079004e+06,8.81151935e+06,8.32181804e+06,7.73268700e+06,6.97686749e+06,6.32951407e+06,5.74347686e+06,4.98032973e+06,4.25539504e+06,3.58631492e+06,2.88374963e+06,2.33145953e+06,1.68494522e+06,1.09628779e+06,5.83492081e+05,1.78483648e+05
1.64000000e+00,1.04449124e+07,1.01565727e+07,9.88704012e+06,9.56482369e+06,9.08721858e+06,8.55829413e+06,8.09988312e+06,7.54253887e+06,6.81635434e+06,6.19388051e+06,5.63400395e+06,4.89136917e+06,4.18097211e+06,3.53169174e+06,2.84419914e+06,2.30142174e+06,1.66474004e+06,1.08353223e+06,5.77979530e+05,1.77015205e+05
1.64800000e+00,9.96845303e+06,9.73808456e+06,9.50808937e+06,9.22298437e+06,8.79066788e+06,8.30192860e+06,7.87436395e+06,7.34893426e+06,6.65305604e+06,6.05540075e+06,5.52124473e+06,4.79965333e+06,4.10482401e+06,3.47589171e+06,2.80339769e+06,2.26991801e+06,1.64365587e+06,1.07089656e+06,5.72962327e+05,1.75706013e+05
1.65600000e+00,9.49248651e+06,9.31935944e+06,9.12792060e+06,8.87909883e+06,8.49177613e+06,8.04294020e+06,7.64569123e+06,7.15223315e+06,6.48726914e+06,5.91432586e+06,5.40541122e+06,4.70535781e+06,4.02708004e+06,3.41898327e+06,2.76138554e+06,2.23699719e+06,1.62173637e+06,1.05839473e+06,5.68431887e+05,1.74551863e+05
1.66400000e+00,9.01806532e+06,8.90122396e+06,8.74728914e+06,8.53390300e+06,8.19118889e+06,7.78185534e+06,7.41430526e+06,6.95280169e+06,6.31929370e+06,5.77091519e+06,5.28672955e+06,4.60866778e+06,3.94786840e+06,3.36103136e+06,2.71820825e+06,2.20272035e+06,1.59903105e+06,1.04603365e+06,5.64369433e+05,1.73545755e+05
1.67200000e+00,8.54623860e+06,8.48450479e+06,8.36695314e+06,8.18813685e+06,7.88955634e+06,7.51920714e+06,7.18065485e+06,6.75101219e+06,6.14943323e+06,5.62543562e+06,5.16543866e+06,4.50977686e+06,3.86731600e+06,3.30209796e+06,2.67391696e+06,2.16716037e+06,1.57559460e+06,1.03381316e+06,5.60746262e+05,1.72678001e+05
1.68000000e+00,8.07804859e+06,8.07002752e+06,7.98767274e+06,7.84254244e+06,7.58753059e+06,7.25553333e+06,6.94519642e+06,6.54724298e+06,5.97799467e+06,5.47816082e+06,5.04178882e+06,4.40888601e+06,3.78554847e+06,3.24224275e+06,2.62856860e+06,2.13040122e+06,1.55148621e+06,1.02172613e+06,5.57524240e+05,1.71936379e+05
1.68800000e+00,7.61452710e+06,7.65861542e+06,7.61020914e+06,7.49786183e+06,7.28576301e+06,6.99137409e+06,6.70839292e+06,6.34187836e+06,5.80528828e+06,5.32937028e+06,4.91604011e+06,4.30620244e+06,3.70269022e+06,3.18152382e+06,2.58222593e+06,2.09253722e+06,1.52676896e+06,1.00975868e+06,5.54656495e+05,1.71306344e+05
1.69600000e+00,7.15669218e+06,7.25108824e+06,7.23532358e+06,7.15483511e+06,6.98490167e+06,6.72727009e+06,6.47071300e+06,6.13530840e+06,5.63162742e+06,5.17934832e+06,4.78846084e+06,4.20193861e+06,3.61886475e+06,3.11999842e+06,2.53495751e+06,2.05367190e+06,1.50150899e+06,9.97890708e+05,5.52088313e+05,1.70771288e+05
1.70400000e+00,6.70554492e+06,6.84826078e+06,6.86377606e+06,6.81419822e+06,6.68558892e+06,6.46376063e+06,6.23262999e+06,5.92792872e+06,5.45732831e+06,5.02838306e+06,4.65932599e+06,4.09631135e+06,3.53419493e+06,3.05772373e+06,2.48683744e+06,2.01391692e+06,1.47577490e+06,9.86096493e+05,5.49758217e+05,1.70312847e+05
1.71200000e+00,6.26206641e+06,6.45094144e+06,6.49632405e+06,6.47668095e+06,6.38845910e+06,6.20138186e+06,5.99462100e+06,5.72014015e+06,5.28270954e+06,4.87676526e+06,4.52891567e+06,3.98954096e+06,3.44880348e+06,2.99475756e+06,2.43794508e+06,1.97339067e+06,1.44963698e+06,9.74345552e+05,5.47599214e+05,1.69911245e+05
1.72000000e+00,5.82721492e+06,6.05993067e+06,6.13372089e+06,6.14300483e+06,6.09413638e+06,5.94066522e+06,5.75716601e+06,5.51234829e+06,5.10809167e+06,4.72478719e+06,4.39751359e+06,3.88185049e+06,3.36281346e+06,2.93115912e+06,2.38836453e+06,1.93221688e+06,1.42316658e+06,9.62603590e+05,5.45540170e+05,1.69545672e+05
1.72800000e+00,5.40192327e+06,5.67601924e+06,5.77671413e+06,5.81388106e+06,5.80323285e+06,5.68213595e+06,5.52074685e+06,5.30496292e+06,4.93379653e+06,4.57274147e+06,4.26540561e+06,3.77346506e+06,3.27634879e+06,2.86698967e+06,2.33818408e+06,1.89052311e+06,1.39643549e+06,9.50833598e+05,5.43507295e+05,1.69194685e+05
1.73600000e+00,4.98709640e+06,5.29998651e+06,5.42604370e+06,5.49000850e+06,5.51634675e+06,5.42631183e+06,5.28584627e+06,5.09839727e+06,4.76014658e+06,4.42091990e+06,4.13287839e+06,3.66461127e+06,3.18953482e+06,2.80231308e+06,2.28749554e+06,1.84843919e+06,1.36951530e+06,9.38997045e+05,5.41425706e+05,1.68836630e+05
1.74400000e+00,4.58360909e+06,4.93259849e+06,5.08243996e+06,5.17207170e+06,5.23406090e+06,5.17370199e+06,5.05294688e+06,4.89306718e+06,4.58746407e+06,4.26961238e+06,4.00021811e+06,3.55551669e+06,3.10249887e+06,2.73719640e+06,2.23639348e+06,1.80609569e+06,1.34247695e+06,9.27055135e+05,5.39221014e+05,1.68450063e+05
1.75200000e+00,4.19230398e+06,4.57460591e+06,4.74662154e+06,4.86073896e+06,4.95694133e+06,4.92480584e+06,4.82253009e+06,4.68939010e+06,4.41607021e+06,4.11910581e+06,3.86770934e+06,3.44640935e+06,3.01537068e+06,2.67171023e+06,2.18497441e+06,1.76362236e+06,1.31539021e+06,9.14970085e+05,5.36820913e+05,1.68014171e+05
1.76000000e+00,3.81398964e+06,4.22674215e+06,4.41929327e+06,4.55666053e+06,4.68553611e+06,4.68011219e+06,4.59507495e+06,4.48778396e+06,4.24628427e+06,3.96968317e+06,3.73563394e+06,3.33751733e+06,2.92828287e+06,2.60592910e+06,2.13333603e+06,1.72114665e+06,1.28832323e+06,9.02706391e+05,5.34156727e+05,1.67509176e+05
1.76800000e+00,3.44943891e+06,3.88972115e+06,4.10114383e+06,4.26046680e+06,4.42037431e+06,4.44009832e+06,4.37105696e+06,4.28866592e+06,4.07842260e+06,3.82162253e+06,3.60427016e+06,3.22906831e+06,2.84137126e+06,2.53993169e+06,2.08157634e+06,1.67879236e+06,1.26134225e+06,8.90232053e+05,5.31164871e+05,1.66916725e+05
1.77600000e+00,3.09938739e+06,3.56423526e+06,3.79284353e+06,3.97276665e+06,4.16196519e+06,4.20522931e+06,4.15094683e+06,4.09245102e+06,3.91279774e+06,3.67519635e+06,3.47389177e+06,3.12128917e+06,2.75477510e+06,2.47380099e+06,2.02979291e+06,1.63667836e+06,1.23451119e+06,8.77519696e+05,5.27788192e+05,1.66220237e+05
1.78400000e+00,2.76453200e+06,3.25095307e+06,3.49504197e+06,3.69414590e+06,3.91079748e+06,3.97595724e+06,3.93520908e+06,3.89955075e+06,3.74971741e+06,3.53067076e+06,3.34476736e+06,3.01440550e+06,2.66863714e+06,2.40762434e+06,1.97808216e+06,1.59491747e+06,1.20789144e+06,8.64547583e+05,5.23977166e+05,1.65405213e+05
1.79200000e+00,2.44552979e+06,2.95051726e+06,3.20836574e+06,3.42516585e+06,3.66733882e+06,3.75272057e+06,3.72430072e+06,3.71037154e+06,3.58948365e+06,3.38830495e+06,3.21715967e+06,2.90864115e+06,2.58310359e+06,2.34149339e+06,1.92653872e+06,1.55361547e+06,1.18154160e+06,8.51300462e+05,5.19690900e+05,1.64459504e+05
1.80000000e+00,2.14299679e+06,2.66354243e+06,2.93341619e+06,3.16636190e+06,3.43203534e+06,3.53594351e+06,3.51866973e+06,3.52531315e+06,3.43239191e+06,3.24835082e+06,3.09132504e+06,2.80421771e+06,2.49832399e+06,2.27550404e+06,1.87525486e+06,1.51287037e+06,1.15551728e+06,8.37770244e+05,5.14897944e+05,1.63373520e+05
1.80800000e+00,1.85750699e+06,2.39061301e+06,2.67076716e+06,2.91824236e+06,3.20531126e+06,3.32603533e+06,3.31875359e+06,3.34476719e+06,3.27873026e+06,3.11105254e+06,2.96751295e+06,2.70135388e+06,2.41445081e+06,2.20975621e+06,1.82432014e+06,1.47277181e+06,1.12987093e+06,8.23956470e+05,5.09576868e+05,1.62140381e+05
1.81600000e+00,1.58959143e+06,2.13228122e+06,2.42096295e+06,2.68128726e+06,2.98756865e+06,3.12338977e+06,3.12497769e+06,3.16911540e+06,3.12877862e+06,2.97664643e+06,2.84596557e+06,2.60026487e+06,2.33163901e+06,2.14435366e+06,1.77382108e+06,1.43340066e+06,1.10465168e+06,8.09866575e+05,5.03716610e+05,1.60756015e+05
1.82400000e+00,1.33973740e+06,1.88906504e+06,2.18451622e+06,2.45594743e+06,2.77918719e+06,2.92838440e+06,2.93775383e+06,2.99872817e+06,2.98280809e+06,2.84536074e+06,2.72691742e+06,2.50116164e+06,2.25004545e+06,2.07940365e+06,1.72384097e+06,1.39482883e+06,1.07990522e+06,7.95515924e+05,4.97316586e+05,1.59219188e+05
1.83200000e+00,1.10838763e+06,1.66144641e+06,1.96190615e+06,2.24264353e+06,2.58052400e+06,2.74137992e+06,2.75747858e+06,2.83396295e+06,2.84108035e+06,2.71741571e+06,2.61059500e+06,2.40425019e+06,2.16982812e+06,2.01501661e+06,1.67445993e+06,1.35711925e+06,1.05567370e+06,7.80927641e+05,4.90386560e+05,1.57531474e+05
1.84000000e+00,8.95939702e+05,1.44986941e+06,1.75357665e+06,2.04176525e+06,2.39191351e+06,2.56271954e+06,2.58453171e+06,2.67516276e+06,2.70384713e+06,2.59302354e+06,2.49721655e+06,2.30973066e+06,2.09114531e+06,1.95130580e+06,1.62575489e+06,1.32032611e+06,1.03199561e+06,7.66132221e+05,4.82946294e+05,1.55697174e+05
1.84800000e+00,7.02745369e+05,1.25473863e+06,1.55993476e+06,1.85367066e+06,2.21366726e+06,2.39272823e+06,2.41927463e+06,2.52265479e+06,2.57134979e+06,2.47238856e+06,2.38699173e+06,2.21779655e+06,2.01415467e+06,1.88838684e+06,1.57779989e+06,1.28449513e+06,1.00890571e+06,7.51166954e+05,4.75024975e+05,1.53723173e+05
1.85600000e+00,5.29110067e+05,1.07641769e+06,1.38134922e+06,1.67868558e+06,2.04607386e+06,2.23171202e+06,2.26204893e+06,2.37674903e+06,2.44381891e+06,2.35570731e+06,2.28012141e+06,2.12863375e+06,1.93901220e+06,1.82637731e+06,1.53066631e+06,1.24966408e+06,9.86434985e+05,7.36075173e+05,4.66660467e+05,1.51618752e+05
1.86400000e+00,3.75292418e+05,9.15227846e+05,1.21814916e+06,1.51710306e+06,1.88939873e+06,2.07995730e+06,2.11317482e+06,2.23773702e+06,2.32147399e+06,2.24316878e+06,2.17679742e+06,2.04241968e+06,1.86587120e+06,1.76539625e+06,1.48442327e+06,1.21586344e+06,9.64610565e+05,7.20905365e+05,4.57898387e+05,1.49395356e+05
1.87200000e+00,2.41503822e+05,7.71446821e+05,1.07062299e+06,1.36918297e+06,1.74388405e+06,1.93773003e+06,1.97294985e+06,2.10589074e+06,2.20452316e+06,2.13495451e+06,2.07720232e+06,1.95932236e+06,1.79488116e+06,1.70556366e+06,1.43913804e+06,1.18311705e+06,9.43455734e+05,7.05710159e+05,4.48791049e+05,1.47066326e+05
1.88000000e+00,1.27908112e+05,6.45307764e+05,9.39017497e+05,1.23515163e+06,1.60974850e+06,1.80527505e+06,1.84164754e+06,1.98146152e+06,2.09316299e+06,2.03123884e+06,1.98150921e+06,1.87949961e+06,1.72618667e+06,1.64699998e+06,1.39487650e+06,1.15144294e+06,9.22989917e+05,6.90545243e+05,4.39396309e+05,1.44646607e+05
1.88800000e+00,3.46212641e+04,5.36998380e+05,8.23537041e+05,1.11520155e+06,1.48718709e+06,1.68281534e+06,1.71951624e+06,1.86467920e+06,1.98757826e+06,1.93218895e+06,1.88988148e+06,1.80309816e+06,1.65992638e+06,1.58982559e+06,1.35170356e+06,1.12085416e+06,9.03228720e+05,6.75468229e+05,4.29776341e+05,1.42152432e+05
1.89600000e+00,-3.82888069e+04,4.46660240e+05,7.24342979e+05,1.00949117e+06,1.37637094e+06,1.57055129e+06,1.60677809e+06,1.75575125e+06,1.88794176e+06,1.83796500e+06,1.80247264e+06,1.73025295e+06,1.59623195e+06,1.53416015e+06,1.30968361e+06,1.09135969e+06,8.84183989e+05,6.60537513e+05,4.19996372e+05,1.39600999e+05
1.90400000e+00,-9.08023925e+04,3.74388262e+05,6.41553240e+05,9.18144730e+05,1.27744701e+06,1.46866008e+06,1.50362804e+06,1.65486216e+06,1.79441409e+06,1.74872015e+06,1.71942614e+06,1.66108647e+06,1.53522710e+06,1.48012211e+06,1.26888085e+06,1.06296520e+06,8.65863913e+05,6.45811155e+05,4.10123428e+05,1.37010139e+05
1.91200000e+00,-1.22948048e+05,3.20230360e+05,5.75242064e+05,8.41252141e+05,1.19053783e+06,1.37729502e+06,1.41023314e+06,1.56217285e+06,1.70714351e+06,1.66460048e+06,1.64087514e+06,1.59570821e+06,1.47702676e+06,1.42782805e+06,1.22935964e+06,1.03567399e+06,8.48273161e+05,6.31345821e+05,4.00225101e+05,1.34398001e+05
1.92000000e+00,-1.34802572e+05,2.84187277e+05,5.25439892e+05,7.78868933e+05,1.11574120e+06,1.29658499e+06,1.32673188e+06,1.47782028e+06,1.62626563e+06,1.58574488e+06,1.56694237e+06,1.53421425e+06,1.42173628e+06,1.37739212e+06,1.19118466e+06,1.00948769e+06,8.31413059e+05,6.17195802e+05,3.90368380e+05,1.31782734e+05
1.92800000e+00,-1.26490891e+05,2.66212574e+05,4.92133421e+05,7.31016227e+05,1.05312991e+06,1.22663391e+06,1.25323378e+06,1.40191709e+06,1.55190325e+06,1.51228479e+06,1.49773996e+06,1.47668694e+06,1.36945082e+06,1.32892535e+06,1.15442105e+06,9.84406981e+05,8.15281807e+05,6.03412152e+05,3.80618564e+05,1.29182203e+05
1.93600000e+00,-9.81858605e+04,2.66212797e+05,4.75265789e+05,6.97680765e+05,1.00275140e+06,1.16752032e+06,1.18981907e+06,1.33455150e+06,1.48416597e+06,1.44434390e+06,1.43336924e+06,1.42319478e+06,1.32025482e+06,1.28253507e+06,1.11913436e+06,9.60432244e+05,7.99874731e+05,5.90041944e+05,3.71038290e+05,1.26613715e+05
1.94400000e+00,-5.01079567e+04,2.84047798e+05,4.74736907e+05,6.78814970e+05,9.64627444e+05,1.11929700e+06,1.13653861e+06,1.27578715e+06,1.42314996e+06,1.38203769e+06,1.37392063e+06,1.37379237e+06,1.27422163e+06,1.23832426e+06,1.08539045e+06,9.37564048e+05,7.85184569e+05,5.77127677e+05,3.61686672e+05,1.24093787e+05
1.95200000e+00,1.74751227e+04,3.19531220e+05,4.90403922e+05,6.74337053e+05,9.38753821e+05,1.08199071e+06,1.09341392e+06,1.22566321e+06,1.36893754e+06,1.32547294e+06,1.31947345e+06,1.32852060e+06,1.23141328e+06,1.19639095e+06,1.05325521e+06,9.15803570e+05,7.71201797e+05,5.64706832e+05,3.52618585e+05,1.21637933e+05
1.96000000e+00,1.04248969e+05,3.72431130e+05,5.22081797e+05,6.84131158e+05,9.25100028e+05,1.05560195e+06,1.06043745e+06,1.18419454e+06,1.32159679e+06,1.27474712e+06,1.27009585e+06,1.28740687e+06,1.19188041e+06,1.15682754e+06,1.02279416e+06,8.95152892e+05,7.57914969e+05,5.52811578e+05,3.43884083e+05,1.19260497e+05
1.96800000e+00,2.09853079e+05,4.42470800e+05,5.69544025e+05,7.08047554e+05,9.23608969e+05,1.04010492e+06,1.03757290e+06,1.15137191e+06,1.28118116e+06,1.22994767e+06,1.22584458e+06,1.25046551e+06,1.15566231e+06,1.11972029e+06,9.94072017e+05,8.75615184e+05,7.45311087e+05,5.41468638e+05,3.35527970e+05,1.16974511e+05
1.97600000e+00,3.33881576e+05,5.29329623e+05,6.32523442e+05,7.45902869e+05,9.34196686e+05,1.03544743e+06,1.02475577e+06,1.12716240e+06,1.24772900e+06,1.19115122e+06,1.18676496e+06,1.21769826e+06,1.12278708e+06,1.08514867e+06,9.67152051e+05,8.57194768e+05,7.33375974e+05,5.30699297e+05,3.27589506e+05,1.14791595e+05
1.98400000e+00,4.75884045e+05,6.32644170e+05,7.10713160e+05,7.97480381e+05,9.56752123e+05,1.04155099e+06,1.02189406e+06,1.11150987e+06,1.22126311e+06,1.15842282e+06,1.15289067e+06,1.18909495e+06,1.09327200e+06,1.05318489e+06,9.42095430e+05,8.39897089e+05,7.22094667e+05,5.20519540e+05,3.20102250e+05,1.12721885e+05
1.99200000e+00,6.35366473e+05,7.52009367e+05,8.03767604e+05,8.62530361e+05,9.91136914e+05,1.05831096e+06,1.02886903e+06,1.10433548e+06,1.20179031e+06,1.13181505e+06,1.12424368e+06,1.16463412e+06,1.06712387e+06,1.02389334e+06,9.18960469e+05,8.23728578e+05,7.11451790e+05,5.10940316e+05,3.13094031e+05,1.10773998e+05
2.00000000e+00,8.11792297e+05,8.86979791e+05,9.11303644e+05,9.40770478e+05,1.03718523e+06,1.08559676e+06,1.04553609e+06,1.10553835e+06,1.18930099e+06,1.11136712e+06,1.10083415e+06,1.14428383e+06,1.04433959e+06,9.97330193e+05,8.97801849e+05,8.08696435e+05,7.01431932e+05,5.01967900e+05,3.06587030e+05,1.08955023e+05
